Prec [mm],ET [mm/h],T [C],Q [m3/s],LAT [C]
0,0.006458333,6.795,0.183,11.63065417
0,0.081583333,14.35,0.183,11.63065417
0,0.080416667,13.29,0.18625,11.63065417
0,0.017125,11.4,0.21275,11.63065417
0,0.063208333,13.7,0.24175,11.63065417
0,0.047541667,12.59,0.25,11.63065417
0,0.047833333,11.21,0.24025,11.63065417
0,0.076,12.29,0.2205,11.63065417
0,0.054833333,12.22,0.20375,11.63065417
0,0.085875,12.84,0.19325,11.63065417
0,0.081583333,5.508,0.185,11.63065417
0,0.081583333,6.395,0.17925,11.63065417
0,0.081583333,6.095,0.17175,11.63065417
0,0.080416667,6.575,0.16925,11.63065417
0,0.080416667,7.19,0.16425,11.63065417
0,0.080416667,8.44,0.162,11.63065417
0,0.080416667,9.19,0.159,11.63065417
0,0.080416667,9.84,0.159,11.63065417
0,0.080416667,11.26,0.159,11.63065417
0,0.080416667,13.29,0.159,11.63065417
0,0.080416667,13.02,0.16225,11.63065417
0,0.080416667,4.971,0.1875,11.63065417
0,0.080416667,4.539,0.20075,11.63065417
0,0.017125,4.559,0.19575,11.63065417
0,0.091916667,13.84,0.18825,11.63065417
0,0.015,15.82,0.18175,11.63065417
0,0.076916667,15.48,0.178,11.63065417
0,0.053583333,13.79,0.1755,11.63065417
0,0.077541667,11.45,0.173,11.63065417
0,0.052541667,11.63,0.173,11.63065417
0,0.072,11.41,0.173,11.63065417
0,0.040625,9.49,0.17425,11.63065417
0,0.040041667,10.2,0.178,11.63065417
0,0.045666667,8.51,0.178,11.63065417
0,0.015,8.94,0.17925,11.63065417
0,0.015,11.29,0.183,11.63065417
0,0.015,10.54,0.183,11.63065417
0,0.076916667,8.83,0.183,11.63065417
0,0.076916667,7.58,0.183,11.63065417
0,0.076916667,8.8,0.183,11.63065417
0,0.076916667,11.98,0.18175,11.63065417
0,0.076916667,11.88,0.17925,11.63065417
0,0.076916667,13.41,0.178,11.63065417
0,0.076916667,15.48,0.178,11.63065417
0,0.076916667,6.203,0.178,11.63065417
0,0.076916667,8.59,0.178,11.63065417
0,0.076916667,8.07,0.178,11.63065417
0,0.053583333,8.03,0.183,11.63065417
0,0.0425,7.15,0.183,11.63065417
0,0,13.81,0.183,11.63065417
0,0.007791667,13.97,0.178,11.63065417
0,0.086083333,13.77,0.17425,11.63065417
0,0.086083333,11.37,0.16925,11.63065417
0,0.086083333,11.08,0.168,11.63065417
0,0.086083333,10.58,0.168,11.63065417
0,0.086083333,12.6,0.1705,11.63065417
0,0.086083333,15.8,0.1755,11.63065417
0,0.086083333,15.94,0.18175,11.63065417
0,0.007791667,17.25,0.183,11.63065417
0,0.007791667,18.98,0.17925,11.63065417
0,0.007791667,18.5,0.178,11.63065417
0,0.007791667,19.01,0.1755,11.63065417
0,0.007791667,20.62,0.173,11.63065417
0,0.007791667,18.48,0.17175,11.63065417
0,0.007791667,18.2,0.1705,11.63065417
0,0.007791667,17.57,0.16925,11.63065417
0,0.007791667,16.07,0.173,11.63065417
0,0.007791667,15.87,0.173,11.63065417
0,0.007791667,13.93,0.173,11.63065417
0,0.007791667,12.51,0.173,11.63065417
0,0.007791667,11.33,0.173,11.63065417
0,0.086083333,9.59,0.173,11.63065417
0,0.086083333,5.57,0.1755,11.63065417
0,0.086083333,6.092,0.173,11.63065417
0,0.086083333,5.081,0.173,11.63065417
0,0.109333333,5.619,0.178,11.63065417
0,0.109333333,3.813,0.178,11.63065417
0,0.109333333,2.864,0.178,11.63065417
0,0.109333333,3.234,0.178,11.63065417
0,0.109333333,6.669,0.178,11.63065417
0,0.109333333,10.98,0.18175,11.63065417
0,0.109333333,12.69,0.18175,11.63065417
0,0.086083333,14.36,0.178,11.63065417
0,0.086083333,14.57,0.178,11.63065417
0,0.086083333,16.22,0.178,11.63065417
0,0.086083333,16.39,0.178,11.63065417
0,0.086083333,16.92,0.178,11.63065417
0,0.086083333,17.12,0.178,11.63065417
0,0.086083333,17.36,0.178,11.63065417
0,0.086083333,16.25,0.178,11.63065417
0,0.086083333,14.46,0.178,11.63065417
0,0.086083333,11.46,0.178,11.63065417
0,0.086083333,8.82,0.178,11.63065417
0,0.086083333,6.42,0.18175,11.63065417
0,0.086083333,6.391,0.183,11.63065417
0,0.109333333,5.09,0.183,11.63065417
0,0.109333333,4.898,0.183,11.63065417
0,0.109333333,5.506,0.183,11.63065417
0,0.109333333,3.505,0.183,11.63065417
0,0.104708333,4.548,0.183,11.63065417
0,0.104708333,3.418,0.183,11.63065417
0,0.104708333,2.991,0.184,11.63065417
0,0.104708333,3.004,0.187,11.63065417
0,0.104708333,5.999,0.187,11.63065417
0,0.104708333,10.14,0.187,11.63065417
0,0.104708333,12.35,0.187,11.63065417
0,0.109333333,13.47,0.187,11.63065417
0,0.109333333,14.45,0.187,11.63065417
0,0.109333333,14.65,0.187,11.63065417
0,0.109333333,16.58,0.186,11.63065417
0,0.109333333,16.11,0.184,11.63065417
0,0.109333333,16.73,0.183,11.63065417
0,0.109333333,16.66,0.183,11.63065417
0,0.109333333,15.96,0.183,11.63065417
0,0.109333333,14.16,0.183,11.63065417
0,0.109333333,10.27,0.183,11.63065417
0,0.109333333,8.04,0.183,11.63065417
0,0.109333333,7.28,0.183,11.63065417
0,0.109333333,6.058,0.187,11.63065417
0,0.104708333,5.457,0.187,11.63065417
0,0.104708333,11.19,0.187,11.63065417
0,0.104708333,6.191,0.187,11.63065417
0,0.104708333,5.594,0.187,11.63065417
0,0.091375,6.283,0.187,11.63065417
0,0.091375,6.566,0.187,11.63065417
0,0.091375,6.465,0.19075,11.63065417
0,0.091375,7.26,0.192,11.63065417
0,0.091375,8.96,0.192,11.63065417
0,0.091375,11.38,0.192,11.63065417
0,0.091375,13.63,0.192,11.63065417
0,0.104708333,16.13,0.192,11.63065417
0,0.104708333,16.02,0.19075,11.63065417
0,0.104708333,17.07,0.187,11.63065417
0,0.104708333,17.68,0.187,11.63065417
0,0.104708333,17.61,0.184,11.63065417
0,0.104708333,18.27,0.183,11.63065417
0,0.104708333,17.6,0.184,11.63065417
0,0.104708333,16.79,0.187,11.63065417
0,0.104708333,15.69,0.187,11.63065417
0,0.104708333,13.8,0.187,11.63065417
0,0.104708333,10.37,0.187,11.63065417
0,0.104708333,10.72,0.187,11.63065417
0,0.104708333,10.63,0.18825,11.63065417
0,0.091375,11.29,0.18825,11.63065417
0,0.091375,13.44,0.19075,11.63065417
0,0.091375,11.26,0.192,11.63065417
0,0.091375,11.44,0.18825,11.63065417
0,0.048958333,11.83,0.187,11.63065417
0,0.048958333,11.96,0.19075,11.63065417
0,0.048958333,11.71,0.1895,11.63065417
0,0.048958333,12.09,0.192,11.63065417
0,0.048958333,13.58,0.192,11.63065417
0,0.048958333,14.8,0.192,11.63065417
0,0.048958333,16.49,0.192,11.63065417
0,0.091375,17.81,0.192,11.63065417
0,0.091375,17.84,0.18825,11.63065417
0,0.091375,17.43,0.187,11.63065417
0,0.091375,15.62,0.187,11.63065417
0,0.091375,13.51,0.187,11.63065417
0,0.091375,13.18,0.18825,11.63065417
0,0.091375,14.29,0.1995,11.63065417
0,0.091375,14.33,0.1945,11.63065417
0,0.091375,14.82,0.197,11.63065417
0,0.091375,14.95,0.19825,11.63065417
0,0.091375,15.23,0.205,11.63065417
0,0.091375,14.99,0.20925,11.63065417
0,0.091375,14.67,0.213,11.63065417
0,0.048958333,13.94,0.2155,11.63065417
0,0.048958333,15.07,0.218,11.63065417
0,0.048958333,13.46,0.22175,11.63065417
0,0.048958333,14.27,0.228,11.63065417
0,0.069416667,14.79,0.234,11.63065417
0,0.069416667,15.19,0.23775,11.63065417
0,0.069416667,14.51,0.239,11.63065417
0,0.069416667,15.76,0.239,11.63065417
0,0.069416667,16.27,0.239,11.63065417
0,0.069416667,17.23,0.24025,11.63065417
0,0.069416667,17.85,0.23775,11.63065417
0,0.048958333,17.65,0.234,11.63065417
0,0.048958333,17.97,0.23775,11.63065417
0,0.048958333,19,0.24275,11.63065417
0,0.048958333,18.75,0.23525,11.63065417
0,0.048958333,19.5,0.234,11.63065417
0,0.048958333,17.96,0.239,11.63065417
0,0.048958333,17.6,0.23525,11.63065417
0,0.048958333,16.97,0.25125,11.63065417
0,0.048958333,17.17,0.261,11.63065417
0,0.048958333,16.6,0.261,11.63065417
0,0.048958333,16.33,0.261,11.63065417
0,0.048958333,16.44,0.261,11.63065417
0,0.048958333,16.12,0.261,11.63065417
0,0.069416667,14.92,0.261,11.63065417
0,0.069416667,14.2,0.30975,11.63065417
0,0.069416667,15.48,0.302,11.63065417
0,0.069416667,15.24,0.30025,11.63065417
0,0.060541667,14.79,0.3105,11.63065417
0,0.060541667,15.22,0.33,11.63065417
0,0.060541667,15.17,0.3555,11.63065417
0,0.060541667,15.12,0.3845,11.63065417
0,0.060541667,15.2,0.52875,11.63065417
0,0.060541667,15.74,0.6065,11.63065417
0,0.060541667,16.38,0.606,11.63065417
0,0.069416667,17.16,0.614,11.63065417
0,0.069416667,16.29,0.614,11.63065417
0,0.069416667,18.02,0.61,11.63065417
0,0.069416667,17.8,0.6025,11.63065417
0,0.069416667,16.69,0.62125,11.63065417
0,0.069416667,15.5,0.627,11.63065417
0,0.069416667,15.89,0.60075,11.63065417
0,0.069416667,15.18,0.584,11.63065417
0,0.069416667,15.19,0.588,11.63065417
0,0.069416667,15.19,0.58225,11.63065417
0,0.069416667,14.9,0.5605,11.63065417
0,0.069416667,14.71,0.53925,11.63065417
0,0.069416667,14.42,0.5175,11.63065417
0,0.060541667,14.45,0.49825,11.63065417
0,0.006458333,6.113,0.4815,11.63065417
0,0.006458333,13.69,0.4745,11.63065417
0,0.006458333,13.44,0.46225,11.63065417
0,0.081583333,13.03,0.4525,11.63065417
0,0.081583333,12.65,0.4405,11.63065417
0,0.081583333,12.63,0.434,11.63065417
0,0.081583333,12.56,0.4275,11.63065417
0,0.081583333,12.78,0.4225,11.63065417
0,0.081583333,13.57,0.4145,11.63065417
0,0.081583333,14.35,0.4095,11.63065417
0,0.006458333,15.22,0.405,11.63065417
0,0.006458333,16.79,0.405,11.63065417
0,0.006458333,16.27,0.398,11.63065417
0,0.006458333,17.73,0.3965,11.63065417
0,0.006458333,16.34,0.38675,11.63065417
0,0.006458333,15.85,0.385,11.63065417
0,0.006458333,14.79,0.385,11.63065417
0,0.006458333,15.62,0.3805,11.63065417
0,0.006458333,14.07,0.376,11.63065417
0,0.006458333,11.11,0.373,11.63065417
0,0.006458333,8.47,0.3685,11.63065417
0,0.006458333,7.61,0.367,11.63065417
0,0.006458333,6.987,0.36,11.63065417
0,0.081583333,6.579,0.36,11.63065417
0,0.081583333,5.508,0.3585,11.63065417
0,0.081583333,6.395,0.3495,11.63065417
0,0.081583333,6.095,0.3405,11.63065417
0,0.080416667,6.575,0.336,11.63065417
0,0.080416667,7.19,0.336,11.63065417
0,0.080416667,8.44,0.336,11.63065417
0,0.080416667,9.19,0.33,11.63065417
0,0.080416667,9.84,0.33,11.63065417
0,0.080416667,11.26,0.3225,11.63065417
0,0.080416667,13.29,0.315,11.63065417
0,0.081583333,15.62,0.309,11.63065417
0,0.081583333,17.91,0.3045,11.63065417
0,0.081583333,15.86,0.3,11.63065417
0,0.081583333,16.47,0.29625,11.63065417
0,0.081583333,18.13,0.295,11.63065417
0,0.081583333,16.81,0.295,11.63065417
0,0.081583333,16.2,0.295,11.63065417
0,0.081583333,15.7,0.295,11.63065417
0,0.081583333,13.41,0.295,11.63065417
0,0.081583333,10.9,0.295,11.63065417
0,0.081583333,9.84,0.295,11.63065417
0,0.081583333,8.17,0.2935,11.63065417
0,0.081583333,6.654,0.289,11.63065417
0,0.080416667,6.433,0.2875,11.63065417
0,0.080416667,13.02,0.283,11.63065417
0,0.080416667,4.971,0.283,11.63065417
0,0.080416667,4.539,0.2785,11.63065417
0,0.017125,4.559,0.27325,11.63065417
0,0.017125,4.753,0.2675,11.63065417
0,0.017125,6.315,0.266,11.63065417
0,0.017125,8.09,0.2675,11.63065417
0,0.017125,9.1,0.272,11.63065417
0,0.017125,10.01,0.272,11.63065417
0,0.017125,11.4,0.272,11.63065417
0,0.080416667,11.32,0.28475,11.63065417
0,0.080416667,11.77,0.292,11.63065417
0,0.080416667,12.32,0.29625,11.63065417
0,0.080416667,12.1,0.303,11.63065417
0,0.080416667,12.41,0.306,11.63065417
0,0.080416667,12.01,0.3075,11.63065417
0,0.080416667,12.4,0.315,11.63065417
0,0.080416667,12.57,0.339,11.63065417
0,0.080416667,12.7,0.35725,11.63065417
0,0.080416667,12.33,0.392,11.63065417
0,0.080416667,12.61,0.4455,11.63065417
0,0.080416667,12.43,0.47625,11.63065417
0,0.080416667,12.62,0.485,11.63065417
0,0.017125,12.98,0.495,11.63065417
0,0.017125,12,0.5355,11.63065417
0,0.017125,12.8,0.601,11.63065417
0,0.017125,12.68,0.72525,11.63065417
0,0.063208333,12.67,1.03325,11.63065417
0,0.063208333,12.29,1.09625,11.63065417
0,0.063208333,12.04,1.092,11.63065417
0,0.063208333,12.39,1.484,11.63065417
0,0.063208333,12.56,1.92175,11.63065417
0,0.063208333,12.99,1.892,11.63065417
0,0.063208333,13.7,1.691,11.63065417
0,0.017125,14.38,1.4825,11.63065417
0,0.017125,15.57,1.3345,11.63065417
0,0.017125,14.94,1.24175,11.63065417
0,0.017125,14.92,1.19175,11.63065417
0,0.017125,15.92,1.138,11.63065417
0,0.017125,12.65,1.03725,11.63065417
0,0.017125,11.98,0.975,11.63065417
0,0.017125,12.58,1.07575,11.63065417
0,0.017125,11.55,1.159,11.63065417
0,0.017125,11.27,1.187,11.63065417
0,0.017125,11.29,1.19875,11.63065417
0,0.017125,11.23,1.1755,11.63065417
0,0.017125,11.39,1.12875,11.63065417
0,0.063208333,11.94,1.087,11.63065417
0,0.063208333,7.41,1.09875,11.63065417
0,0.063208333,12.03,1.2785,11.63065417
0,0.063208333,11.97,1.426,11.63065417
0,0.047541667,11.16,1.396,11.63065417
0,0.047541667,10.92,1.30975,11.63065417
0,0.047541667,11.01,1.23925,11.63065417
0,0.047541667,11.28,1.18,11.63065417
0,0.047541667,11.54,1.12175,11.63065417
0,0.047541667,12.72,1.0665,11.63065417
0,0.047541667,12.59,1.017,11.63065417
0,0.063208333,12.27,0.96625,11.63065417
0,0.063208333,12.64,0.92475,11.63065417
0,0.063208333,12.83,0.8905,11.63065417
0,0.063208333,13.56,0.8565,11.63065417
0,0.063208333,13.41,0.82725,11.63065417
0,0.063208333,14.29,0.79825,11.63065417
0,0.063208333,13.86,0.772,11.63065417
0,0.063208333,13.17,0.742,11.63065417
0,0.063208333,12.2,0.714,11.63065417
0,0.063208333,11.11,0.69225,11.63065417
0,0.063208333,9.27,0.673,11.63065417
0,0.063208333,8.87,0.6555,11.63065417
0,0.063208333,9.4,0.64,11.63065417
0,0.047541667,9.09,0.625,11.63065417
0,0.047541667,10.15,0.61,11.63065417
0,0.047541667,5.558,0.5955,11.63065417
0,0.047541667,6.194,0.5805,11.63065417
0,0.047833333,6.004,0.56975,11.63065417
0,0.047833333,6.013,0.5585,11.63065417
0,0.047833333,4.757,0.54625,11.63065417
0,0.047833333,5.07,0.534,11.63065417
0,0.047833333,6.643,0.521,11.63065417
0,0.047833333,9.73,0.51025,11.63065417
0,0.047833333,11.21,0.5015,11.63065417
0,0.047541667,10.99,0.495,11.63065417
0,0.047541667,12.45,0.48675,11.63065417
0,0.047541667,13.15,0.478,11.63065417
0,0.047541667,13.92,0.47275,11.63065417
0,0.047541667,14.02,0.471,11.63065417
0,0.047541667,13.56,0.46575,11.63065417
0,0.047541667,13.32,0.47625,11.63065417
0,0.047541667,12.96,0.4815,11.63065417
0,0.047541667,11.89,0.46425,11.63065417
0,0.047541667,11.87,0.444,11.63065417
0,0.047541667,11.06,0.434,11.63065417
0,0.047541667,11.33,0.431,11.63065417
0,0.047541667,10.72,0.431,11.63065417
0,0.047833333,10.72,0.431,11.63065417
0,0.047833333,7.45,0.42575,11.63065417
0,0.047833333,9.71,0.424,11.63065417
0,0.047833333,9.34,0.418,11.63065417
0,0.076,8.17,0.41625,11.63065417
0,0.076,9.35,0.411,11.63065417
0,0.076,9.41,0.408,11.63065417
0,0.076,9.25,0.405,11.63065417
0,0.076,8.42,0.398,11.63065417
0,0.076,11.7,0.395,11.63065417
0,0.076,12.29,0.39025,11.63065417
0,0.047833333,14.92,0.385,11.63065417
0,0.047833333,14.32,0.3835,11.63065417
0,0.047833333,16.38,0.379,11.63065417
0,0.047833333,15.49,0.3745,11.63065417
0,0.047833333,15.44,0.373,11.63065417
0,0.047833333,16.56,0.367,11.63065417
0,0.047833333,14.55,0.367,11.63065417
0,0.047833333,13.81,0.367,11.63065417
0,0.047833333,10.93,0.36175,11.63065417
0,0.047833333,9.08,0.36,11.63065417
0,0.047833333,7.62,0.36,11.63065417
0,0.047833333,7.09,0.36,11.63065417
0,0.047833333,7.73,0.36,11.63065417
0,0.076,8.25,0.3585,11.63065417
0,0.076,7.05,0.36,11.63065417
0,0.076,7.11,0.357,11.63065417
0,0.076,7.9,0.354,11.63065417
0,0.054833333,7.97,0.354,11.63065417
0,0.054833333,7.88,0.354,11.63065417
0,0.054833333,7.12,0.357,11.63065417
0,0.054833333,7.57,0.36,11.63065417
0,0.054833333,9.74,0.36,11.63065417
0,0.054833333,9.95,0.36,11.63065417
0,0.054833333,12.22,0.36,11.63065417
0,0.076,13.07,0.348,11.63065417
0,0.076,14.55,0.342,11.63065417
0,0.076,14.9,0.3405,11.63065417
0,0.076,14.96,0.336,11.63065417
0,0.076,15.4,0.336,11.63065417
0,0.076,15.2,0.35575,11.63065417
0,0.076,14.96,0.3835,11.63065417
0,0.076,14.74,0.36975,11.63065417
0,0.076,12.91,0.3405,11.63065417
0,0.076,9.23,0.318,11.63065417
0,0.076,8.61,0.303,11.63065417
0,0.076,8.94,0.29875,11.63065417
0,0.076,8.81,0.3015,11.63065417
0,0.054833333,8.09,0.312,11.63065417
0,0.054833333,9.24,0.318,11.63065417
0,0.054833333,6.461,0.324,11.63065417
0,0.054833333,6.247,0.324,11.63065417
0,0.085875,6.078,0.324,11.63065417
0,0.085875,4.756,0.324,11.63065417
0,0.085875,6.192,0.324,11.63065417
0,0.085875,5.857,0.321,11.63065417
0,0.085875,7.79,0.318,11.63065417
0,0.085875,10.4,0.318,11.63065417
0,0.085875,12.84,0.3135,11.63065417
0,0.054833333,15.39,0.312,11.63065417
0,0.054833333,16.43,0.309,11.63065417
0,0.054833333,16.31,0.306,11.63065417
0,0.054833333,16.65,0.306,11.63065417
0,0.054833333,16.86,0.3015,11.63065417
0,0.054833333,15.85,0.3,11.63065417
0,0.054833333,15.21,0.3,11.63065417
0,0.054833333,14.99,0.3,11.63065417
0,0.054833333,12.89,0.3,11.63065417
0,0.054833333,9.65,0.3,11.63065417
0,0.054833333,9.27,0.3,11.63065417
0,0.054833333,9.62,0.29625,11.63065417
0,0.054833333,10.21,0.295,11.63065417
0,0.085875,9.43,0.295,11.63065417
0,0.085875,15.27,0.295,11.63065417
0,0.085875,9.47,0.295,11.63065417
0,0.085875,9.25,0.295,11.63065417
0,0.091916667,8.37,0.295,11.63065417
0,0.091916667,9.68,0.295,11.63065417
0,0.091916667,10.2,0.295,11.63065417
0,0.091916667,11.05,0.295,11.63065417
0,0.091916667,12.08,0.292,11.63065417
0,0.091916667,13.34,0.2905,11.63065417
0,0.091916667,15.46,0.289,11.63065417
0,0.085875,17.23,0.289,11.63065417
0,0.085875,18.94,0.286,11.63065417
0,0.085875,20.04,0.286,11.63065417
0,0.085875,19.74,0.283,11.63065417
0,0.085875,18.71,0.283,11.63065417
0,0.085875,18.58,0.2815,11.63065417
0,0.085875,17.62,0.277,11.63065417
0,0.085875,17.1,0.2785,11.63065417
0,0.085875,16.12,0.283,11.63065417
0,0.085875,15.48,0.283,11.63065417
0,0.085875,15.32,0.283,11.63065417
0,0.085875,15.22,0.283,11.63065417
0,0.085875,15.37,0.283,11.63065417
0,0.091916667,15.06,0.283,11.63065417
0,0.091916667,12.62,0.283,11.63065417
0.953,0.091916667,15.18,0.283,11.63065417
0.007,0.091916667,14.33,0.283,11.63065417
0.433,0.015,14.17,0.283,11.63065417
0.16,0.015,14.52,0.283,11.63065417
0,0.015,14.92,0.2845,11.63065417
0,0.015,14.97,0.283,11.63065417
0.227,0.015,14.74,0.283,11.63065417
0,0.015,15.09,0.283,11.63065417
0,0.015,15.82,0.283,11.63065417
0,0.091916667,16.11,0.283,11.63065417
0.826,0.091916667,15.95,0.283,11.63065417
0.3,0.091916667,15.74,0.283,11.63065417
0.274,0.091916667,15.35,0.289,11.63065417
0.953,0.091916667,14.73,0.2935,11.63065417
0.393,0.091916667,14.03,0.295,11.63065417
0.033,0.091916667,14.04,0.29875,11.63065417
0.127,0.091916667,13.87,0.303,11.63065417
0.033,0.091916667,13.55,0.306,11.63065417
0,0.091916667,13.55,0.306,11.63065417
0,0.091916667,13.52,0.306,11.63065417
0.007,0.091916667,13.09,0.309,11.63065417
0,0.091916667,12.63,0.312,11.63065417
0,0.015,12.23,0.318,11.63065417
0,0.015,8.94,0.324,11.63065417
0,0.015,11.29,0.3285,11.63065417
0.033,0.015,10.54,0.33,11.63065417
0,0.076916667,8.83,0.3345,11.63065417
0,0.076916667,7.58,0.336,11.63065417
0.82,0.076916667,8.8,0.342,11.63065417
0.04,0.076916667,11.98,0.339,11.63065417
0,0.076916667,11.88,0.336,11.63065417
0,0.076916667,13.41,0.336,11.63065417
0,0.076916667,15.48,0.336,11.63065417
0,0.015,15.99,0.33,11.63065417
0.12,0.015,16.5,0.3255,11.63065417
0,0.015,16.37,0.324,11.63065417
0.033,0.015,16.89,0.324,11.63065417
0.107,0.015,15.77,0.33,11.63065417
0,0.015,17.18,0.35575,11.63065417
0,0.015,16.54,0.38225,11.63065417
0,0.015,15.7,0.4805,11.63065417
0,0.015,13.85,0.629,11.63065417
0,0.015,12.57,0.661,11.63065417
0,0.015,11.9,0.64225,11.63065417
0,0.015,11.43,0.61,11.63065417
0,0.015,11.15,0.5825,11.63065417
0,0.076916667,9.48,0.56425,11.63065417
0.033,0.076916667,6.203,0.52125,11.63065417
0,0.076916667,8.59,0.4815,11.63065417
0,0.076916667,8.07,0.4605,11.63065417
0,0.053583333,8.03,0.44925,11.63065417
0.34,0.053583333,9.53,0.437,11.63065417
0.58,0.053583333,9.49,0.43075,11.63065417
0,0.053583333,9.48,0.41775,11.63065417
0,0.053583333,9.9,0.4095,11.63065417
0,0.053583333,11.5,0.4015,11.63065417
0,0.053583333,13.79,0.39025,11.63065417
0,0.076916667,14.56,0.382,11.63065417
0.067,0.076916667,17.77,0.373,11.63065417
0.033,0.076916667,17.77,0.367,11.63065417
0,0.076916667,17.04,0.36,11.63065417
0,0.076916667,16.66,0.3555,11.63065417
0,0.076916667,17.74,0.354,11.63065417
0,0.076916667,16.41,0.354,11.63065417
0,0.076916667,14.65,0.354,11.63065417
0,0.076916667,11.69,0.348,11.63065417
0,0.076916667,10.79,0.3435,11.63065417
0,0.076916667,9.54,0.342,11.63065417
0,0.076916667,8.54,0.342,11.63065417
0,0.076916667,7.72,0.339,11.63065417
0,0.074541667,6.85,0.336,11.63065417
0,0.053583333,6.223,0.336,11.63065417
0,0.053583333,5.286,0.33,11.63065417
0,0.053583333,4.447,0.33,11.63065417
0,0.077541667,4.599,0.3285,11.63065417
0,0.077541667,4.248,0.324,11.63065417
0,0.077541667,3.208,0.324,11.63065417
0,0.077541667,2.489,0.324,11.63065417
0.007,0.077541667,3.914,0.324,11.63065417
0,0.077541667,7.54,0.3195,11.63065417
0,0.077541667,11.45,0.324,11.63065417
0,0.053583333,13.83,0.324,11.63065417
0,0.053583333,16.04,0.324,11.63065417
0,0.053583333,15.81,0.318,11.63065417
0,0.053583333,16.43,0.318,11.63065417
0,0.053583333,16.3,0.3135,11.63065417
0,0.053583333,16.3,0.312,11.63065417
0,0.053583333,15.17,0.3105,11.63065417
0,0.053583333,13.87,0.306,11.63065417
0,0.053583333,11.76,0.306,11.63065417
0,0.053583333,10.03,0.3015,11.63065417
0,0.053583333,9.1,0.3,11.63065417
0,0.053583333,8.1,0.3045,11.63065417
0,0.053583333,7.7,0.3015,11.63065417
0,0.077541667,6.582,0.3015,11.63065417
0,0.077541667,10.86,0.3,11.63065417
0,0.077541667,5.759,0.3,11.63065417
0,0.077541667,6.043,0.3,11.63065417
0,0.052541667,4.994,0.3,11.63065417
0,0.052541667,5.032,0.29875,11.63065417
0,0.052541667,5.431,0.295,11.63065417
0,0.052541667,7.52,0.295,11.63065417
0,0.052541667,8.34,0.295,11.63065417
0,0.052541667,10.02,0.295,11.63065417
0,0.052541667,11.63,0.295,11.63065417
0,0.077541667,15.33,0.295,11.63065417
0,0.077541667,16.89,0.295,11.63065417
0,0.077541667,16.44,0.295,11.63065417
0,0.077541667,16.38,0.2905,11.63065417
0,0.077541667,16.27,0.289,11.63065417
0,0.077541667,17.66,0.289,11.63065417
0,0.077541667,15.59,0.283,11.63065417
0,0.077541667,14.52,0.283,11.63065417
0,0.077541667,13.19,0.283,11.63065417
0,0.077541667,11.96,0.283,11.63065417
0,0.077541667,11.54,0.30475,11.63065417
0,0.077541667,11.13,0.3345,11.63065417
0,0.077541667,11.25,0.3255,11.63065417
0,0.052541667,11.25,0.3045,11.63065417
0,0.052541667,2.924,0.295,11.63065417
0,0.052541667,10.26,0.3135,11.63065417
0,0.052541667,10.3,0.3285,11.63065417
0.029,0.072,10.29,0.315,11.63065417
0.017,0.072,10.32,0.29175,11.63065417
0.051,0.072,11.03,0.27025,11.63065417
0,0.072,10.63,0.25525,11.63065417
0,0.072,10.29,0.2455,11.63065417
0,0.072,10.96,0.239,11.63065417
0,0.072,11.41,0.239,11.63065417
0,0.052541667,12.55,0.24025,11.63065417
0,0.052541667,13.2,0.24975,11.63065417
0,0.052541667,14.28,0.2635,11.63065417
0,0.052541667,13.72,0.2635,11.63065417
0,0.052541667,15.18,0.258,11.63065417
0,0.052541667,14.16,0.255,11.63065417
0,0.052541667,13.97,0.255,11.63065417
0,0.052541667,13.61,0.2525,11.63065417
0,0.052541667,10.72,0.25,11.63065417
0,0.052541667,6.984,0.247,11.63065417
0,0.052541667,6.01,0.244,11.63065417
0,0.052541667,5.391,0.247,11.63065417
0,0.052541667,4.078,0.25,11.63065417
0,0.072,3.266,0.25,11.63065417
0,0.072,9.13,0.25,11.63065417
0,0.072,3.146,0.25,11.63065417
0,0.072,4.283,0.25,11.63065417
0,0.040625,5.913,0.25,11.63065417
0,0.040625,5.82,0.25,11.63065417
0,0.040625,5.027,0.25,11.63065417
0,0.040625,4.037,0.25,11.63065417
0,0.040625,5.418,0.25,11.63065417
0,0.040625,8.87,0.25,11.63065417
0,0.040625,9.49,0.25,11.63065417
0,0.072,10.03,0.25,11.63065417
0,0.072,10.51,0.25,11.63065417
0,0.072,11.52,0.25,11.63065417
0,0.072,12.83,0.25,11.63065417
0,0.072,13.42,0.2485,11.63065417
0,0.072,13.15,0.244,11.63065417
0,0.072,12.45,0.244,11.63065417
0,0.072,12.09,0.2415,11.63065417
0,0.072,10.93,0.239,11.63065417
0,0.072,9.39,0.24025,11.63065417
0,0.072,8.77,0.244,11.63065417
0,0.072,7.5,0.244,11.63065417
0,0.072,9.36,0.247,11.63065417
0,0.040625,9.07,0.25,11.63065417
0,0.040625,7.83,0.25,11.63065417
0,0.040625,8.03,0.25,11.63065417
0,0.040625,4.814,0.25,11.63065417
0,0.040041667,4.819,0.25,11.63065417
0,0.040041667,6.028,0.25,11.63065417
0,0.040041667,6.243,0.25,11.63065417
0,0.040041667,6.69,0.25,11.63065417
0,0.040041667,7.04,0.25,11.63065417
0,0.040041667,8.91,0.25,11.63065417
0,0.040041667,10.2,0.25125,11.63065417
0,0.040625,10.89,0.25125,11.63065417
0,0.040625,10.95,0.25,11.63065417
0,0.040625,11.7,0.25,11.63065417
0,0.040625,12.26,0.2485,11.63065417
0,0.040625,11.35,0.244,11.63065417
0,0.040625,11.66,0.24275,11.63065417
0,0.040625,11.56,0.239,11.63065417
0,0.040625,11.19,0.239,11.63065417
0,0.040625,10.08,0.23525,11.63065417
0,0.040625,9.4,0.247,11.63065417
0.017,0.040625,9.02,0.27725,11.63065417
0.021,0.040625,8.75,0.283,11.63065417
0.099,0.040625,8.18,0.2785,11.63065417
0.043,0.040041667,8,0.277,11.63065417
0.003,0.040041667,10.9,0.27575,11.63065417
0.074,0.040041667,7.58,0.272,11.63065417
0.091,0.040041667,7.44,0.272,11.63065417
0.1,0.045666667,7.25,0.266,11.63065417
0.014,0.045666667,7.22,0.26475,11.63065417
0.017,0.045666667,7.4,0.261,11.63065417
0.143,0.045666667,7.46,0.261,11.63065417
0.208,0.045666667,7.64,0.2565,11.63065417
0.446,0.045666667,8.05,0.25375,11.63065417
0.343,0.045666667,8.51,0.25,11.63065417
0.043,0.040041667,9.45,0.25,11.63065417
0,0.040041667,11.19,0.25,11.63065417
0,0.040041667,12.02,0.2525,11.63065417
0,0.040041667,14.7,0.255,11.63065417
0,0.040041667,15.08,0.255,11.63065417
0,0.040041667,14.41,0.255,11.63065417
0,0.040041667,14.41,0.25,11.63065417
0,0.040041667,13.83,0.25,11.63065417
0,0.040041667,11.7,0.25,11.63065417
0,0.040041667,11.57,0.25,11.63065417
0,0.040041667,11.17,0.25375,11.63065417
0.003,0.040041667,9.09,0.255,11.63065417
0.092,0.040041667,9.91,0.255,11.63065417
0,0.045666667,10.69,0.255,11.63065417
0.014,0.045666667,6.634,0.255,11.63065417
0.057,0.045666667,11.66,0.255,11.63065417
0.045,0.045666667,11.67,0.255,11.63065417
0,0.0425,11.25,0.255,11.63065417
0,0.0425,10.93,0.2595,11.63065417
0.014,0.0425,11.04,0.261,11.63065417
0,0.0425,10.2,0.2595,11.63065417
0,0.0425,10.05,0.261,11.63065417
0.007,0.0425,11.41,0.261,11.63065417
0,0.0425,13.15,0.261,11.63065417
0,0.045666667,13.93,0.2565,11.63065417
0,0.045666667,13.86,0.255,11.63065417
0,0.045666667,13.9,0.255,11.63065417
0,0.045666667,14.31,0.25,11.63065417
0,0.045666667,13.84,0.25,11.63065417
0.158,0.045666667,13.59,0.2455,11.63065417
1.275,0.045666667,12.76,0.2595,11.63065417
0.338,0.045666667,11.33,0.2875,11.63065417
0.382,0.045666667,11.1,0.292,11.63065417
0.031,0.045666667,11.32,0.2775,11.63065417
0.003,0.045666667,11.89,0.258,11.63065417
0,0.045666667,8.86,0.24025,11.63065417
0,0.045666667,8.02,0.2295,11.63065417
0.014,0.0425,7.22,0.223,11.63065417
0,0.0425,6.079,0.223,11.63065417
0,0.0425,4.69,0.2295,11.63065417
0.431,0.0425,3.797,0.2365,11.63065417
0.063,0.007791667,7.32,0.2455,11.63065417
0.661,0.007791667,6.873,0.25125,11.63065417
0.221,0.007791667,8.34,0.255,11.63065417
0.433,0.007791667,7.22,0.2565,11.63065417
0.518,0.007791667,8.99,0.2595,11.63065417
1.929,0.007791667,9.65,0.28325,11.63065417
2.016,0.007791667,10.36,0.30175,11.63065417
6.001,0.0425,9.96,0.305,11.63065417
0.051,0.0425,9.91,0.3225,11.63065417
0.483,0.0425,12.07,0.324,11.63065417
0.229,0.0425,11.84,0.3345,11.63065417
1.65,0.0425,10.69,0.345,11.63065417
5.262,0.0425,10.98,0.4245,11.63065417
1.866,0.0425,10.04,0.53575,11.63065417
0.228,0.0425,9.67,0.6505,11.63065417
0.003,0.0425,9.2,0.81725,11.63065417
0,0.0425,7.11,0.96425,11.63065417
0.003,0.0425,7.38,1.1505,11.63065417
0,0.0425,7.92,1.6585,11.63065417
0,0.0425,6.313,2.3365,11.63065417
0.017,0.007791667,5.514,3.78725,11.63065417
0.014,0.007791667,6.05,4.6265,9.114386111
0,0.067375,6.186,4.4715,9.114386111
0.014,0.029291667,4.141,3.986,9.114386111
0,0.031875,5.903,3.46525,9.114386111
0.035,0.030458333,5.935,3.02375,9.114386111
0,0.062083333,6.341,2.6555,9.114386111
0.286,0.033708333,6.871,2.39375,9.114386111
0,0.050208333,7.7,2.198,9.114386111
0,0.0575,8.91,2.03175,9.114386111
0,0.052166667,10.04,1.8965,9.114386111
0,0.067375,9.14,1.784,9.114386111
0.656,0.067375,12.33,1.684,9.114386111
0.578,0.067375,12.91,1.59325,9.114386111
1.099,0.029291667,12.86,1.4925,9.114386111
0.029,0.029291667,12.79,1.315,9.114386111
0,0.029291667,12.9,1.2155,9.114386111
0,0.029291667,12.23,1.2515,9.114386111
0,0.029291667,12.1,1.28525,9.114386111
0,0.029291667,13.02,1.302,9.114386111
0,0.029291667,14.61,1.3045,9.114386111
0,0.029291667,11.95,1.27325,9.114386111
0,0.029291667,8.64,1.254,9.114386111
0,0.029291667,8.12,1.2345,9.114386111
0,0.031875,8.5,1.24175,9.114386111
0.014,0.037333333,3.262,1.295,9.114386111
0.014,0.03825,6.904,1.327,9.114386111
0.028,0.052125,6.576,1.317,9.114386111
0.014,0.023833333,6.109,1.28775,9.114386111
0,0.026458333,6.252,1.25375,9.114386111
0.432,0.019666667,8,1.2155,9.114386111
0.193,0.04375,8.4,1.18,9.114386111
0.046,0.017416667,8.36,1.14975,9.114386111
0,0.032583333,9.61,1.11475,9.114386111
0,0.010458333,10.06,1.08475,9.114386111
0,0.03825,11.32,1.05975,9.114386111
0,0.03825,12.18,1.03275,9.114386111
0,0.03825,12.88,1.0035,9.114386111
0,0.052125,12.95,0.98175,9.114386111
0,0.052125,13.89,0.96175,9.114386111
0,0.052125,12.79,0.94,9.114386111
0,0.052125,12.13,0.929,9.114386111
0,0.052125,11.79,0.9355,9.114386111
0,0.052125,9.93,0.96175,9.114386111
0,0.052125,7.71,0.96625,9.114386111
0,0.052125,6.223,0.95275,9.114386111
0,0.052125,4.902,0.929,9.114386111
0,0.052125,3.861,0.9075,9.114386111
0,0.023833333,3.205,0.88425,9.114386111
0,0.034583333,9.02,0.8565,9.114386111
0,0.016375,4.584,0.842,9.114386111
0,0.016208333,4.749,0.823,9.114386111
0,0.032291667,4.078,0.8045,9.114386111
0,0.032291667,5.142,0.786,9.114386111
0,0.032291667,6.584,0.77,9.114386111
0,0.032291667,7.04,0.754,9.114386111
0,0.032291667,7.47,0.738,9.114386111
0,0.032291667,9.37,0.728,9.114386111
0,0.032291667,12.43,0.72,9.114386111
0,0.016375,13.67,0.706,9.114386111
0,0.016375,13.33,0.694,9.114386111
0,0.016375,14.52,0.6865,9.114386111
0,0.016208333,14.58,0.677,9.114386111
0,0.016208333,14.44,0.69025,9.114386111
0,0.016208333,16.42,0.6865,9.114386111
0,0.016208333,14.5,0.64575,9.114386111
0.12,0.016208333,13.43,0.629,9.114386111
0.08,0.016208333,11.9,0.629,9.114386111
0.375,0.016208333,12.43,0.629,9.114386111
0.666,0.016208333,12.86,0.629,9.114386111
1.518,0.016208333,13.75,0.621,9.114386111
0.053,0.016208333,11.78,0.621,9.114386111
0,0.032291667,11.06,0.612,9.114386111
0,0.032291667,11.51,0.606,9.114386111
0.014,0.032291667,9.65,0.606,9.114386111
0.003,0.032291667,9.81,0.599,9.114386111
0,0.05675,9.62,0.606,9.114386111
0.034,0.05675,7.37,0.61375,9.114386111
0.014,0.05675,9.37,0.6325,9.114386111
0.028,0.05675,6.567,0.642,9.114386111
0,0.05675,6.091,0.636,9.114386111
0,0.05675,8.88,0.629,9.114386111
0,0.05675,12.93,0.65175,9.114386111
0,0.032291667,13.72,0.734,9.114386111
0.317,0.032291667,14.41,0.8045,9.114386111
0.266,0.032291667,13.48,0.825,9.114386111
0,0.032291667,14.47,0.827,9.114386111
0,0.032291667,15.14,0.819,9.114386111
0.003,0.032291667,15.07,0.80225,9.114386111
0,0.032291667,14.45,0.784,9.114386111
0,0.032291667,13.01,0.772,9.114386111
0.029,0.032291667,11.65,0.758,9.114386111
0.071,0.032291667,11.61,0.748,9.114386111
0,0.032291667,11.18,0.736,9.114386111
0,0.032291667,10.34,0.726,9.114386111
0.185,0.032291667,9.58,0.714,9.114386111
0.1,0.05675,10.15,0.706,9.114386111
0.066,0.05675,10.16,0.698,9.114386111
0.103,0.05675,11.71,0.704,9.114386111
0.146,0.05675,11.93,0.716,9.114386111
1.371,0.05025,12.08,0.722,9.114386111
0.077,0.05025,11.93,0.722,9.114386111
0.283,0.05025,11.96,0.714,9.114386111
0.608,0.05025,12.45,0.71,9.114386111
6.744,0.05025,12.67,0.742,9.114386111
3.393,0.05025,10.66,0.79875,9.114386111
0.515,0.05025,11.6,0.8355,9.114386111
0.45,0.05675,13.28,0.8885,9.114386111
0.217,0.05675,13.77,1.0355,9.114386111
0.36,0.05675,13.78,1.386,9.114386111
0,0.05675,15.54,1.8435,9.114386111
0,0.05675,15.63,3.037,9.114386111
0,0.05675,16.04,5.80475,9.114386111
0.491,0.05675,15.21,7.12025,9.114386111
1.941,0.05675,13.82,7.87175,9.114386111
0.773,0.05675,11.8,7.96475,9.114386111
0.482,0.05675,11.15,7.72825,9.114386111
0.58,0.05675,10.14,7.5345,9.114386111
1.531,0.05675,10.33,7.402,9.114386111
0.068,0.05675,11.08,6.487,9.114386111
0.014,0.05025,10.56,5.52075,9.114386111
0.176,0.05025,10.1,5.33825,9.114386111
0.014,0.05025,10.24,6.016,9.114386111
0.014,0.05025,9.86,6.9485,9.114386111
0.12,0.016166667,9.21,7.4715,9.114386111
0.562,0.016166667,9.95,7.62625,9.114386111
4.235,0.016166667,11.06,7.54375,9.114386111
3.588,0.016166667,11.05,7.16025,9.114386111
0.634,0.016166667,11.32,6.51,9.114386111
0.14,0.016166667,12.14,5.997,9.114386111
5.086,0.016166667,12.7,6.0905,9.114386111
0.169,0.05025,11.4,6.67325,9.114386111
0,0.05025,12.74,8.18875,9.114386111
0.507,0.05025,14.05,10.92075,9.114386111
0.404,0.05025,11.85,13.65275,9.114386111
1.344,0.05025,11.67,15.5185,9.114386111
0,0.05025,12.03,16.54325,9.114386111
0.529,0.05025,11.68,17.542,9.114386111
0.359,0.05025,11.45,18.46725,9.114386111
0.003,0.05025,10.9,18.475,9.114386111
0.438,0.05025,9.85,17.378,9.114386111
0.021,0.05025,9.66,15.46,9.114386111
0,0.05025,9.32,13.4595,9.114386111
0,0.05025,8.61,11.885,9.114386111
0,0.016166667,9.43,10.63275,9.114386111
0.071,0.016166667,8.82,9.5935,9.114386111
0,0.016166667,10.27,8.7395,9.114386111
0.066,0.016166667,9.66,8.029,9.114386111
0,0.061125,9.62,7.43375,9.114386111
0,0.061125,8.65,6.92025,9.114386111
0,0.061125,8.12,6.45475,9.114386111
0.014,0.061125,5.658,6.02425,9.114386111
0.003,0.061125,4.548,5.6625,9.114386111
0,0.061125,8.57,5.32075,9.114386111
0,0.061125,10.55,5.02125,9.114386111
0,0.016166667,12.1,4.763,9.114386111
0.055,0.016166667,12.21,4.5305,9.114386111
0,0.016166667,13.23,4.31175,9.114386111
0,0.016166667,13.49,4.112,9.114386111
0,0.016166667,13.47,3.969,9.114386111
0.028,0.016166667,12.7,3.82975,9.114386111
0,0.016166667,12.58,3.6195,9.114386111
0,0.016166667,10.76,3.45175,9.114386111
0,0.016166667,8.48,3.3195,9.114386111
0,0.016166667,6.282,3.194,9.114386111
0,0.016166667,5.736,3.08225,9.114386111
0.003,0.016166667,5.672,2.97675,9.114386111
0.014,0.016166667,5.556,2.85175,9.114386111
0,0.061125,7.61,2.5685,9.114386111
0,0.061125,10.41,2.5235,9.114386111
0.017,0.061125,8.76,2.6155,9.114386111
0.057,0.061125,8.02,2.5805,9.114386111
0.869,0.018416667,8.4,2.5285,9.114386111
0.078,0.018416667,9.5,2.484,9.114386111
0.003,0.018416667,8.59,2.445,9.114386111
0,0.018416667,8.85,2.40075,9.114386111
0,0.018416667,9.5,2.37175,9.114386111
0.732,0.018416667,10.81,2.347,9.114386111
5.789,0.018416667,10.6,2.374,9.114386111
0.429,0.061125,10.57,2.418,9.114386111
0,0.061125,11.7,2.53125,9.114386111
0,0.061125,13.1,2.9035,9.114386111
0.072,0.061125,13.1,3.38075,9.114386111
0,0.061125,14.06,4.072,9.114386111
0.412,0.061125,13.57,4.52725,9.114386111
0.914,0.061125,12,5.0405,9.114386111
1.2,0.061125,11.8,6.115,9.114386111
0.507,0.061125,11.73,6.47575,9.114386111
0.007,0.061125,11.32,6.3265,9.114386111
0.107,0.061125,10.51,6,9.114386111
0.035,0.061125,10.34,5.7455,9.114386111
0.225,0.061125,10.28,5.60575,9.114386111
0.277,0.018416667,10.3,5.61775,9.114386111
0.586,0.018416667,8.88,5.87125,9.114386111
1.338,0.018416667,10.8,6.21425,9.114386111
0.432,0.018416667,10.38,6.381,9.114386111
1.141,0.059333333,10.72,6.357,9.114386111
0.075,0.059333333,10.45,6.38125,9.114386111
0,0.059333333,9.36,6.482,9.114386111
0.017,0.059333333,8.37,6.6385,9.114386111
0,0.059333333,6.898,7.214,9.114386111
0.007,0.059333333,8.69,8.09375,9.114386111
0,0.059333333,11.71,8.933,9.114386111
0,0.018416667,13.68,9.40575,9.114386111
0.058,0.018416667,13.45,9.21,9.114386111
0.097,0.018416667,14.05,8.54675,9.114386111
0,0.018416667,14.86,7.735,9.114386111
0,0.018416667,15.3,7.023,9.114386111
0.205,0.018416667,14.64,6.4365,9.114386111
0.1,0.018416667,13.49,5.961,9.114386111
0,0.018416667,12.39,5.56475,9.114386111
0,0.018416667,10.43,5.26225,9.114386111
0,0.018416667,8.93,5.01575,9.114386111
0,0.018416667,7.29,4.66925,9.114386111
0,0.018416667,8.06,4.40425,9.114386111
0,0.018416667,8.22,4.206,9.114386111
0,0.059333333,6.78,4.0185,9.114386111
0,0.059333333,12.07,3.85725,9.114386111
0,0.059333333,6.862,3.69475,9.114386111
0,0.059333333,6.909,3.57925,9.114386111
0,0.067375,8.84,3.486,9.114386111
0,0.067375,8.78,3.3905,9.114386111
0,0.067375,9.77,3.2935,9.114386111
0.01,0.067375,8.8,3.2095,9.114386111
0,0.067375,8.35,3.129,9.114386111
0.002,0.067375,8.16,3.0565,9.114386111
0,0.067375,10.76,2.9895,9.114386111
0,0.067375,13.37,2.93075,9.114386111
0,0.067375,14.31,2.86975,9.114386111
0,0.067375,15.77,2.73325,9.114386111
0,0.067375,16.14,2.52125,9.114386111
0.06,0.067375,14.91,2.6205,9.114386111
0,0.067375,15.28,2.648,9.114386111
0,0.067375,14.53,2.6105,9.114386111
0,0.067375,12.73,2.553,9.114386111
0,0.067375,10.39,2.514,9.114386111
0,0.067375,10.91,2.47175,9.114386111
0,0.067375,11.5,2.42525,9.114386111
0,0.067375,12.02,2.38625,9.114386111
0.382,0.067375,12.23,2.34725,9.114386111
0.74,0.067375,12.03,2.3205,9.114386111
1.088,0.067375,9.14,2.29875,9.114386111
0.034,0.067375,12.33,2.2625,9.114386111
0.06,0.067375,12.91,2.24325,9.114386111
0.007,0.029291667,12.86,2.236,9.114386111
0,0.029291667,12.79,2.246,9.114386111
0,0.029291667,12.9,2.255,9.114386111
0,0.029291667,12.23,2.255,9.114386111
0,0.029291667,12.1,2.265,9.114386111
0.022,0.029291667,13.02,2.2795,9.114386111
0,0.029291667,14.61,2.294,9.114386111
0,0.067375,15.92,2.3015,9.114386111
0.005,0.067375,15.27,2.33025,9.114386111
0,0.067375,15.51,2.367,9.114386111
0.061,0.067375,15.81,2.29175,9.114386111
0.739,0.067375,15.21,2.24825,9.114386111
5.011,0.067375,14.14,2.289,9.114386111
2.914,0.067375,13.26,2.35675,9.114386111
0.07,0.067375,13.21,2.4745,9.114386111
0.039,0.067375,12.83,2.74125,9.114386111
0.007,0.067375,12.72,3.411,9.114386111
0.013,0.067375,12.39,4.24625,9.114386111
0.016,0.067375,11.99,5.13625,9.114386111
0.022,0.067375,11.4,6.69575,9.114386111
0.011,0.029291667,11.01,8.441,9.114386111
0.005,0.029291667,11.95,9.303,9.114386111
0.002,0.029291667,8.64,9.144,9.114386111
0.011,0.029291667,8.12,8.378,9.114386111
0,0.031875,8.5,7.548,9.114386111
0.002,0.031875,8.41,6.815,9.114386111
0.243,0.031875,8.07,6.22675,9.114386111
0.024,0.031875,8.82,5.75775,9.114386111
0.039,0.031875,8.98,5.38225,9.114386111
0,0.031875,10.17,5.0705,9.114386111
0.002,0.031875,11.69,4.80275,9.114386111
0,0.029291667,12.83,4.58675,9.114386111
0.011,0.029291667,15.31,4.404,9.114386111
0,0.029291667,15.13,4.242,9.114386111
0.032,0.029291667,16.3,4.08725,9.114386111
0,0.029291667,15.6,3.95525,9.114386111
0.098,0.029291667,15.06,3.868,9.114386111
0.024,0.029291667,14.56,3.72975,9.114386111
0.569,0.029291667,13.65,3.58225,9.114386111
0.469,0.029291667,12.86,3.47275,9.114386111
0.898,0.029291667,12.39,3.3905,9.114386111
2.273,0.029291667,12.1,3.33525,9.114386111
0.802,0.029291667,11.95,3.309,9.114386111
0.637,0.029291667,11.58,3.29575,9.114386111
2.565,0.03675,11.71,3.3855,9.114386111
3.892,0.031875,7.07,3.9245,9.114386111
2.955,0.031875,11.73,4.81625,9.114386111
5.977,0.031875,11.82,6.2135,9.114386111
4.677,0.030458333,11.33,8.79225,9.114386111
3.672,0.030458333,11.11,12.5645,9.114386111
1.243,0.030458333,10.5,17.87475,9.114386111
0.005,0.030458333,9.74,24.8935,9.114386111
0,0.030458333,9.46,32.601,9.114386111
0.002,0.030458333,9.57,39.47575,9.114386111
0,0.030458333,9.66,45.82275,9.114386111
0.011,0.031875,9.82,51.0645,9.114386111
0,0.031875,10.15,55.5795,9.114386111
0,0.031875,10.03,58.555,9.114386111
0,0.031875,9.4,59.38425,9.114386111
0,0.031875,8.83,57.843,9.114386111
0,0.031875,9.07,53.61825,9.114386111
0.105,0.031875,8.8,46.6645,9.114386111
0,0.031875,8.62,36.86925,9.114386111
0,0.031875,8.14,26.132,9.114386111
0,0.031875,7.8,18.56525,9.114386111
0,0.031875,7.52,14.761,9.114386111
0,0.031875,6.897,12.816,9.114386111
0.002,0.031875,6.55,11.524,9.114386111
0,0.030458333,7.06,10.60475,9.114386111
0,0.030458333,5.935,9.895,9.114386111
0,0.030458333,7.14,9.29625,9.114386111
0,0.030458333,7.05,8.7295,9.114386111
0,0.062083333,6.81,8.219,9.114386111
0,0.062083333,6.431,7.76025,9.114386111
0,0.062083333,6.212,7.367,9.114386111
0,0.062083333,6.039,7.01325,9.114386111
0,0.062083333,5.715,6.70625,9.114386111
0,0.062083333,6.427,6.4425,9.114386111
0,0.062083333,7.2,6.187,9.114386111
0,0.030458333,8.37,5.949,9.114386111
0,0.030458333,8.93,5.562,9.114386111
0,0.030458333,9.79,5.29175,9.114386111
0,0.030458333,9.25,5.26225,9.114386111
0,0.030458333,9.9,5.143,9.114386111
0.006,0.030458333,9.9,4.97225,9.114386111
0,0.030458333,9.9,4.8115,9.114386111
0,0.030458333,9.9,4.66325,9.114386111
0,0.030458333,9.9,4.55575,9.114386111
0,0.030458333,9.9,4.3815,9.114386111
0,0.030458333,7.05,4.24775,9.114386111
0,0.030458333,7.05,4.123,9.114386111
0,0.030458333,7.05,4.013,9.114386111
0,0.062083333,7.05,3.90875,9.114386111
0,0.062083333,6.341,3.8055,9.114386111
0,0.062083333,6.341,3.727,9.114386111
0,0.062083333,6.341,3.6435,9.114386111
0,0.033708333,6.341,3.56325,9.114386111
0,0.033708333,6.341,3.4995,9.114386111
0,0.033708333,6.341,3.42525,9.114386111
0,0.033708333,6.341,3.359,9.114386111
0.044,0.033708333,6.341,3.2985,9.114386111
0.016,0.033708333,6.341,3.233,9.114386111
0.007,0.033708333,6.341,3.16775,9.114386111
0,0.062083333,6.341,3.11075,9.114386111
0,0.062083333,6.341,3.0645,9.114386111
0,0.062083333,6.341,3.0125,9.114386111
0,0.062083333,6.341,2.95375,9.114386111
0.011,0.062083333,6.341,2.90525,9.114386111
0,0.062083333,6.341,2.86725,9.114386111
0,0.062083333,6.341,2.776,9.114386111
0,0.062083333,6.341,2.7055,9.114386111
0,0.062083333,6.341,2.738,9.114386111
0,0.062083333,6.341,2.718,9.114386111
0,0.062083333,6.341,2.683,9.114386111
0,0.062083333,6.341,2.638,9.114386111
0.002,0.062083333,6.341,2.603,9.114386111
0,0.033708333,6.341,2.573,9.114386111
0,0.033708333,6.871,2.54075,9.114386111
0,0.033708333,6.871,2.5115,9.114386111
0,0.033708333,6.871,2.4815,9.114386111
0,0.050208333,6.871,2.45,9.114386111
0,0.050208333,6.871,2.425,9.114386111
0,0.050208333,6.871,2.3985,9.114386111
0,0.050208333,6.871,2.37625,9.114386111
0.004,0.050208333,6.871,2.3545,9.114386111
0.037,0.050208333,6.871,2.328,9.114386111
0,0.050208333,6.871,2.30625,9.114386111
0,0.033708333,6.871,2.28425,9.114386111
0.004,0.033708333,6.871,2.275,9.114386111
0,0.033708333,6.871,2.277,9.114386111
0,0.033708333,6.871,2.2025,9.114386111
0,0.033708333,6.871,2.188,9.114386111
0,0.033708333,6.871,2.1765,9.114386111
0,0.033708333,6.871,2.1525,9.114386111
0,0.033708333,6.871,2.12825,9.114386111
0,0.033708333,6.871,2.1075,9.114386111
0,0.033708333,6.871,2.09075,9.114386111
0,0.033708333,6.871,2.0695,9.114386111
0,0.033708333,6.871,2.048,9.114386111
0,0.033708333,6.871,2.027,9.114386111
0,0.050208333,6.871,2.00825,9.114386111
0,0.050208333,7.7,1.98925,9.114386111
0,0.050208333,7.7,1.9755,9.114386111
0,0.050208333,7.7,1.96375,9.114386111
0,0.0575,7.7,1.94975,9.114386111
0,0.0575,7.7,1.93375,9.114386111
0,0.0575,7.7,1.91725,9.114386111
0,0.0575,7.7,1.901,9.114386111
0,0.0575,7.7,1.88025,9.114386111
0.016,0.0575,7.7,1.864,9.114386111
0.005,0.0575,7.7,1.8455,9.114386111
0,0.050208333,7.7,1.82525,9.114386111
0,0.050208333,7.7,1.823,9.114386111
0,0.050208333,7.7,1.8455,9.114386111
0,0.050208333,7.7,1.793,9.114386111
0,0.050208333,7.7,1.768,9.114386111
0.011,0.050208333,7.7,1.7725,9.114386111
0,0.050208333,7.7,1.7635,9.114386111
0,0.050208333,7.7,1.75,9.114386111
0,0.050208333,7.7,1.736,9.114386111
0,0.050208333,7.7,1.7265,9.114386111
0,0.050208333,7.7,1.71075,9.114386111
0,0.050208333,7.7,1.70175,9.114386111
0,0.050208333,7.7,1.695,9.114386111
0,0.0575,7.7,1.686,9.114386111
0,0.0575,8.91,1.67025,9.114386111
0,0.0575,8.91,1.65125,9.114386111
0,0.0575,8.91,1.6405,9.114386111
0,0.052166667,8.91,1.63025,9.114386111
0.002,0.052166667,8.91,1.617,9.114386111
0.005,0.052166667,8.91,1.6065,9.114386111
0.013,0.052166667,8.91,1.5985,9.114386111
0.021,0.052166667,8.91,1.58825,9.114386111
0.002,0.052166667,8.91,1.58,9.114386111
0,0.052166667,8.91,1.5725,9.114386111
0,0.0575,8.91,1.5645,9.114386111
0,0.0575,8.91,1.56725,9.114386111
0,0.0575,8.91,1.5645,9.114386111
0,0.0575,8.91,1.5565,9.114386111
0.002,0.0575,8.91,1.53875,9.114386111
0,0.0575,8.91,1.5255,9.114386111
0.005,0.0575,8.91,1.5155,9.114386111
0,0.0575,8.91,1.508,9.114386111
0,0.0575,8.91,1.49975,9.114386111
0,0.0575,8.91,1.487,9.114386111
0,0.0575,8.91,1.4795,9.114386111
0,0.0575,8.91,1.4745,9.114386111
0,0.0575,8.91,1.467,9.114386111
0,0.052166667,8.91,1.4595,9.114386111
0,0.052166667,10.04,1.452,9.114386111
0,0.052166667,10.04,1.4495,9.114386111
0,0.052166667,10.04,1.4415,9.114386111
0,0.037333333,10.04,1.436,9.114386111
0,0.037333333,10.04,1.4285,9.114386111
0,0.037333333,10.04,1.421,9.114386111
0,0.037333333,10.04,1.416,9.114386111
0.013,0.037333333,10.04,1.4085,9.114386111
0.02,0.037333333,10.04,1.3985,9.114386111
0.016,0.037333333,10.04,1.3935,9.114386111
0,0.052166667,10.04,1.3885,9.114386111
0,0.052166667,10.04,1.386,9.114386111
0,0.052166667,10.04,1.411,9.114386111
0,0.052166667,10.04,1.4235,9.114386111
0,0.052166667,10.04,1.366,9.114386111
0,0.052166667,10.04,1.371,9.114386111
0,0.052166667,10.04,1.386,9.114386111
0,0.052166667,10.04,1.3835,9.114386111
0,0.052166667,10.04,1.3835,9.114386111
0,0.052166667,10.04,1.376,9.114386111
0,0.052166667,10.04,1.3835,9.114386111
0,0.052166667,10.04,1.3835,9.114386111
0,0.052166667,10.04,1.371,9.114386111
0,0.037333333,10.04,1.361,9.114386111
0.002,0.037333333,3.262,1.3515,9.114386111
0,0.037333333,3.262,1.3515,9.114386111
0,0.037333333,3.262,1.342,9.114386111
0,0.03825,3.262,1.3395,9.114386111
0,0.03825,3.262,1.3345,9.114386111
0,0.03825,3.262,1.327,9.114386111
0,0.03825,3.262,1.317,9.114386111
0,0.03825,3.262,1.317,9.114386111
0.011,0.03825,3.262,1.307,9.114386111
0,0.03825,3.262,1.307,9.114386111
0,0.037333333,3.262,1.307,9.114386111
0,0.037333333,3.262,1.307,9.114386111
0.011,0.037333333,3.262,1.307,9.114386111
0,0.037333333,3.262,1.307,9.114386111
0,0.037333333,3.262,1.29475,9.114386111
0,0.037333333,3.262,1.2855,9.114386111
0,0.037333333,3.262,1.278,9.114386111
0,0.037333333,3.262,1.2705,9.114386111
0,0.037333333,3.262,1.268,9.114386111
0,0.037333333,3.262,1.268,9.114386111
0,0.037333333,3.262,1.268,9.114386111
0,0.037333333,3.262,1.259,9.114386111
0,0.037333333,3.262,1.259,9.114386111
0,0.03825,3.262,1.2565,9.114386111
0,0.03825,11.32,1.249,9.114386111
0,0.03825,12.18,1.2465,9.114386111
0,0.03825,12.88,1.239,9.114386111
0,0.052125,12.95,1.239,9.114386111
0,0.052125,13.89,1.23,9.114386111
0,0.052125,12.79,1.225,9.114386111
0,0.052125,12.13,1.2225,9.114386111
0,0.052125,11.79,1.21325,9.114386111
0,0.052125,9.93,1.2035,9.114386111
0.004,0.052125,7.71,1.1965,9.114386111
0,0.03825,12.18,1.19425,9.114386111
0,0.03825,12.18,1.1845,9.114386111
0,0.03825,12.18,1.18675,9.114386111
0,0.03825,12.18,1.21075,9.114386111
0,0.03825,12.18,1.166,9.114386111
0,0.03825,12.18,1.1285,9.114386111
0,0.03825,12.18,1.136,9.114386111
0,0.03825,12.18,1.136,9.114386111
0,0.03825,12.18,1.136,9.114386111
0,0.03825,12.18,1.1285,9.114386111
0,0.03825,12.88,1.126,9.114386111
0,0.03825,12.88,1.1215,9.114386111
0,0.03825,12.88,1.117,9.114386111
0,0.052125,12.88,1.11025,9.114386111
0,0.052125,6.223,1.108,9.114386111
0,0.052125,4.902,1.10575,9.114386111
0,0.052125,3.861,1.099,9.114386111
0,0.023833333,3.205,1.099,9.114386111
0,0.023833333,3.205,1.094,9.114386111
0,0.023833333,3.205,1.089,9.114386111
0,0.023833333,3.205,1.0845,9.114386111
0,0.023833333,3.205,1.08,9.114386111
0.002,0.023833333,3.205,1.07775,9.114386111
0,0.023833333,3.205,1.071,9.114386111
0,0.052125,4.902,1.071,9.114386111
0,0.052125,4.902,1.071,9.114386111
0,0.052125,4.902,1.071,9.114386111
0,0.052125,4.902,1.094,9.114386111
0,0.052125,4.902,1.09875,9.114386111
0.005,0.052125,4.902,1.053,9.114386111
0,0.052125,4.902,1.0395,9.114386111
0,0.052125,4.902,1.044,9.114386111
0,0.052125,4.902,1.04625,9.114386111
0,0.052125,4.902,1.044,9.114386111
0,0.052125,3.861,1.044,9.114386111
0,0.052125,3.861,1.04625,9.114386111
0,0.052125,3.861,1.044,9.114386111
0,0.034791667,3.861,1.035,9.114386111
0,0.023833333,6.109,1.035,9.114386111
0,0.023833333,6.109,1.035,9.114386111
0.01,0.023833333,6.109,1.03275,9.114386111
0,0.026458333,6.109,1.026,9.114386111
0,0.026458333,6.109,1.026,9.114386111
0.005,0.026458333,6.109,1.02375,9.114386111
0.001,0.026458333,6.109,1.017,9.114386111
0.005,0.026458333,6.109,1.017,9.114386111
0,0.026458333,6.109,1.017,9.114386111
0,0.026458333,6.109,1.0125,9.114386111
0,0.023833333,6.109,1.0125,9.114386111
0,0.023833333,6.109,1.01025,9.114386111
0,0.023833333,6.109,1.008,9.114386111
0,0.023833333,6.109,1.008,9.114386111
0,0.023833333,6.109,1.008,9.114386111
0,0.023833333,6.109,1.0035,9.114386111
0,0.023833333,6.109,0.999,9.114386111
0,0.023833333,6.109,0.99225,9.114386111
0,0.023833333,6.109,0.99,9.114386111
0,0.023833333,6.109,0.982,9.114386111
0,0.023833333,6.109,0.982,9.114386111
0,0.023833333,6.109,0.982,9.114386111
0,0.023833333,6.109,0.97075,9.114386111
0,0.026458333,6.109,0.97975,9.114386111
0,0.026458333,6.252,0.97525,9.114386111
0,0.026458333,6.252,0.97525,9.114386111
0,0.026458333,6.252,0.97075,9.114386111
0,0.019666667,6.252,0.96625,9.114386111
0,0.019666667,6.252,0.964,9.114386111
0,0.019666667,6.252,0.9595,9.114386111
0.011,0.019666667,6.252,0.955,9.114386111
0,0.019666667,6.252,0.95725,9.114386111
0.009,0.019666667,6.252,0.955,9.114386111
0,0.019666667,6.252,0.955,9.114386111
0,0.026458333,6.252,0.9505,9.114386111
0,0.026458333,6.252,0.946,9.114386111
0,0.026458333,6.252,0.946,9.114386111
0,0.026458333,6.252,0.946,9.114386111
0,0.026458333,6.252,0.946,9.114386111
0,0.026458333,6.252,0.946,9.114386111
0,0.026458333,6.252,0.944,9.114386111
0,0.026458333,6.252,0.938,9.114386111
0,0.026458333,6.252,0.94,9.114386111
0,0.026458333,6.252,0.944,9.114386111
0,0.026458333,6.252,0.938,9.114386111
0,0.026458333,6.252,0.93575,9.114386111
0,0.026458333,6.252,0.94425,9.114386111
0,0.019666667,6.252,0.95725,9.114386111
0,0.019666667,8,0.91175,9.114386111
0,0.019666667,8,0.895,9.114386111
0,0.019666667,8,0.903,9.114386111
0,0.04375,8,0.903,9.114386111
0.002,0.04375,8,0.90975,9.114386111
0.002,0.04375,8,0.90975,9.114386111
0,0.04375,8,0.912,9.114386111
0,0.04375,8,0.90975,9.114386111
0,0.04375,8,0.90525,9.114386111
0,0.04375,8,0.903,9.114386111
0,0.019666667,8,0.901,9.114386111
0,0.019666667,8,0.901,9.114386111
0,0.019666667,8,0.903,9.114386111
0,0.019666667,8,0.897,9.114386111
0,0.019666667,8,0.895,9.114386111
0,0.019666667,8,0.895,9.114386111
0,0.019666667,8,0.89275,9.114386111
0,0.019666667,8,0.88825,9.114386111
0,0.019666667,8,0.884,9.114386111
0,0.019666667,8,0.878,9.114386111
0,0.019666667,8,0.878,9.114386111
0,0.019666667,8,0.878,9.114386111
0,0.019666667,8,0.87125,9.114386111
0,0.04375,8,0.869,9.114386111
0,0.04375,8.4,0.869,9.114386111
0,0.04375,8.4,0.87125,9.114386111
0,0.04375,8.4,0.863,9.114386111
0,0.017416667,8.4,0.861,9.114386111
0,0.017416667,8.4,0.863,9.114386111
0,0.017416667,8.4,0.861,9.114386111
0,0.017416667,8.4,0.861,9.114386111
0,0.017416667,8.4,0.861,9.114386111
0,0.017416667,8.4,0.861,9.114386111
0,0.017416667,8.4,0.85875,9.114386111
0.005,0.04375,8.4,0.8565,9.114386111
0,0.04375,8.4,0.852,9.114386111
0,0.04375,8.4,0.852,9.114386111
0,0.04375,8.4,0.8565,9.114386111
0,0.04375,8.4,0.88625,9.114386111
0,0.04375,8.4,0.8925,9.114386111
0.018,0.04375,8.4,0.87775,9.114386111
0,0.04375,8.4,0.85225,9.114386111
0,0.04375,8.4,0.86275,9.114386111
0,0.04375,8.4,0.86275,9.114386111
0,0.04375,8.4,0.82925,9.114386111
0,0.04375,8.4,0.821,9.114386111
0,0.04375,8.4,0.8315,9.114386111
0,0.017416667,8.4,0.842,9.114386111
0,0.017416667,8.36,0.844,9.114386111
0,0.017416667,8.36,0.844,9.114386111
0,0.017416667,8.36,0.844,9.114386111
0,0.032583333,8.36,0.84,9.114386111
0,0.032583333,8.36,0.836,9.114386111
0,0.032583333,8.36,0.836,9.114386111
0,0.032583333,8.36,0.8355,9.114386111
0,0.032583333,8.36,0.836,9.114386111
0,0.032583333,8.36,0.8315,9.114386111
0,0.032583333,8.36,0.827,9.114386111
0,0.017416667,8.36,0.827,9.114386111
0,0.017416667,8.36,0.821,9.114386111
0,0.017416667,8.36,0.827,9.114386111
0,0.017416667,8.36,0.827,9.114386111
0,0.017416667,8.36,0.827,9.114386111
0,0.017416667,8.36,0.827,9.114386111
0,0.017416667,8.36,0.827,9.114386111
0,0.017416667,8.36,0.821,9.114386111
0,0.017416667,8.36,0.8315,9.114386111
0,0.017416667,8.36,0.83575,9.114386111
0,0.017416667,8.36,0.821,9.114386111
0,0.017416667,8.36,0.825,9.114386111
0,0.017416667,8.36,0.81075,9.114386111
0,0.032583333,8.36,0.794,9.114386111
0,0.032583333,9.61,0.796,9.114386111
0,0.032583333,9.61,0.802,9.114386111
0.056,0.032583333,9.61,0.80425,9.114386111
0.08,0.010458333,9.61,0.80875,9.114386111
0.052,0.010458333,9.61,0.8065,9.114386111
0.082,0.010458333,9.61,0.80425,9.114386111
0.113,0.010458333,9.61,0.80425,9.114386111
0.346,0.010458333,9.61,0.80875,9.114386111
0.114,0.010458333,9.61,0.802,9.114386111
0,0.010458333,9.61,0.802,9.114386111
0,0.032583333,9.61,0.802,9.114386111
0,0.032583333,9.61,0.802,9.114386111
0,0.032583333,9.61,0.802,9.114386111
0.002,0.032583333,9.61,0.802,9.114386111
0,0.032583333,9.61,0.80875,9.114386111
0.009,0.032583333,9.61,0.811,9.114386111
0,0.032583333,9.61,0.842,9.114386111
0,0.032583333,9.61,0.8335,9.114386111
0,0.032583333,9.61,0.817,9.114386111
0,0.032583333,9.61,0.8065,9.114386111
0,0.032583333,9.61,0.80875,9.114386111
0,0.032583333,9.61,0.83375,9.114386111
0,0.032583333,9.61,0.8335,9.114386111
0,0.010458333,9.61,0.813,9.114386111
0,0.010458333,10.06,0.788,9.114386111
0,0.010458333,10.06,0.752,9.114386111
0,0.010458333,10.06,0.756,9.114386111
0,0.034583333,10.06,0.776,9.114386111
0,0.034583333,10.06,0.784,9.114386111
0.009,0.034583333,10.06,0.786,9.114386111
0.018,0.034583333,10.06,0.784,9.114386111
0,0.034583333,10.06,0.778,9.114386111
0,0.034583333,10.06,0.778,9.114386111
0,0.034583333,10.06,0.778,9.114386111
0,0.010458333,10.06,0.774,9.114386111
0,0.010458333,10.06,0.77,9.114386111
0,0.010458333,10.06,0.77,9.114386111
0,0.010458333,10.06,0.77,9.114386111
0,0.010458333,10.06,0.77,9.114386111
0,0.010458333,10.06,0.772,9.114386111
0,0.010458333,10.06,0.79425,9.114386111
0,0.010458333,10.06,0.821,9.114386111
0,0.010458333,10.06,0.778,9.114386111
0,0.010458333,10.06,0.726,9.114386111
0,0.010458333,10.06,0.726,9.114386111
0,0.010458333,10.06,0.742,9.114386111
0,0.010458333,10.06,0.752,9.114386111
0,0.034583333,10.06,0.752,9.114386111
0,0.034583333,9.02,0.746,9.114386111
0,0.034583333,9.02,0.746,9.114386111
0,0.034583333,9.02,0.748,9.114386111
0,0.016375,9.02,0.746,9.114386111
0,0.016375,9.02,0.746,9.114386111
0,0.016375,9.02,0.746,9.114386111
0,0.016375,9.02,0.746,9.114386111
0,0.016375,9.02,0.746,9.114386111
0,0.016375,9.02,0.738,9.114386111
0.001,0.016375,9.02,0.738,9.114386111
0,0.034583333,9.02,0.734,9.114386111
0,0.034583333,9.02,0.732,9.114386111
0,0.034583333,9.02,0.73,9.114386111
0,0.034583333,9.02,0.73,9.114386111
0,0.034583333,9.02,0.73,9.114386111
0,0.034583333,9.02,0.73,9.114386111
0,0.034583333,9.02,0.73,9.114386111
0,0.034583333,9.02,0.73,9.114386111
0,0.034583333,9.02,0.73,9.114386111
0,0.034583333,9.02,0.73,9.114386111
0,0.034583333,9.02,0.73,9.114386111
0,0.034583333,9.02,0.73,9.114386111
0,0.034583333,9.02,0.762,9.114386111
0,0.016375,9.02,0.78,9.114386111
0,0.016375,13.67,0.74,4.203793056
0,0.016375,13.33,0.6885,4.203793056
0,0.016375,14.52,0.68275,4.203793056
0,0.016208333,14.58,0.702,4.203793056
0,0.016208333,14.44,0.714,4.203793056
0,0.016208333,16.42,0.714,4.203793056
0,0.016208333,14.5,0.714,4.203793056
0,0.016208333,13.43,0.714,4.203793056
0,0.016208333,11.9,0.714,4.203793056
0,0.016208333,12.43,0.714,4.203793056
0,0.016375,13.33,0.714,4.203793056
0,0.016375,13.33,0.714,4.203793056
0,0.016375,13.33,0.712,4.203793056
0,0.016375,13.33,0.71,4.203793056
0,0.016375,13.33,0.712,4.203793056
0,0.016375,13.33,0.742,4.203793056
0,0.016375,13.33,0.774,4.203793056
0,0.016375,13.33,0.744,4.203793056
0,0.016375,13.33,0.6865,4.203793056
0,0.016375,13.33,0.671,4.203793056
0,0.016375,14.52,0.6865,4.203793056
0,0.016375,14.52,0.7,4.203793056
0,0.016375,14.52,0.708,4.203793056
0,0.016208333,14.52,0.72,4.203793056
0,0.059333333,11.71,0.736,4.203793056
0,0.018791667,8.74,0.748,4.203793056
0,0.024375,4.744,0.754,4.203793056
0,0.01025,2.21,0.754,4.203793056
0,0.00575,8.06,0.754,4.203793056
0,0.034458333,6.523,0.754,4.203793056
0,0.012791667,-1.31,0.754,4.203793056
0,0.005458333,3.283,0.754,4.203793056
0,0.010083333,5.03,0.752,4.203793056
0,0.014958333,4.805,0.746,4.203793056
0,0.018791667,0.392,0.746,4.203793056
0,0.018791667,2.634,0.746,4.203793056
0.009,0.018791667,2.602,0.746,4.203793056
0,0.024375,2.273,0.746,4.203793056
0,0.024375,0.883,0.748,4.203793056
0,0.024375,0.698,0.78,4.203793056
0,0.024375,-0.323,0.794,4.203793056
0,0.024375,0.596,0.764,4.203793056
0,0.024375,0.85,0.766,4.203793056
0,0.024375,4.744,0.772,4.203793056
0,0.024375,9.79,0.73,4.203793056
0,0.024375,0.015,0.7,4.203793056
0,0.024375,1.897,0.708,4.203793056
0,0.01025,2.745,0.726,4.203793056
0,0.013583333,2.126,0.732,4.203793056
0,0.008833333,-0.889,0.734,4.203793056
0,4.16667E-05,1.081,0.73,4.203793056
0,0.021916667,-2.568,0.736,4.203793056
0,0.006166667,-8.03,0.734,4.203793056
0,0.005083333,2.536,0.73,4.203793056
0,0.01175,4.358,0.73,4.203793056
0,0.018583333,6.454,0.73,4.203793056
0,0.015458333,4.403,0.73,4.203793056
0,0.013833333,0.931,0.724,4.203793056
0,0.008833333,-6.211,0.722,4.203793056
0,0.008833333,-0.246,0.722,4.203793056
0,0.008833333,0,0.722,4.203793056
0,4.16667E-05,0.444,0.722,4.203793056
0,4.16667E-05,0.493,0.716,4.203793056
0,4.16667E-05,0.496,0.746,4.203793056
0,4.16667E-05,-0.192,0.746,4.203793056
0,4.16667E-05,0.352,0.75,4.203793056
0,4.16667E-05,0.318,0.752,4.203793056
0.147,4.16667E-05,1.081,0.754,4.203793056
0.105,4.16667E-05,-4.45,0.754,4.203793056
0.019,4.16667E-05,-6.758,0.756,4.203793056
0.009,4.16667E-05,-7.2,0.78,4.203793056
0.043,0.021916667,-7.85,0.78,4.203793056
0.326,0.023625,2.463,0.742,4.203793056
0.177,0.009833333,4.637,0.73,4.203793056
0,0.009833333,4.637,0.734,4.203793056
0.009,0.008083333,4.637,0.742,4.203793056
0.005,0.008083333,4.637,0.746,4.203793056
0.21,0.008083333,4.637,0.746,4.203793056
0.062,0.008083333,4.637,0.746,4.203793056
0,0.008083333,4.637,0.746,4.203793056
0.001,0.008083333,4.637,0.746,4.203793056
0,0.008083333,4.637,0.746,4.203793056
0.687,0.009833333,4.637,0.746,4.203793056
0.145,0.009833333,4.637,0.746,4.203793056
0.142,0.009833333,4.637,0.746,4.203793056
0.018,0.009833333,4.637,0.746,4.203793056
0,0.009833333,4.637,0.748,4.203793056
0.001,0.009833333,4.637,0.754,4.203793056
0,0.009833333,4.637,0.754,4.203793056
0,0.009833333,4.637,0.752,4.203793056
0,0.009833333,4.637,0.754,4.203793056
0,0.009833333,4.637,0.754,4.203793056
0,0.009833333,4.637,0.754,4.203793056
0,0.009833333,4.637,0.754,4.203793056
0,0.009833333,4.637,0.754,4.203793056
0,0.008083333,4.637,0.754,4.203793056
0,0.008083333,4.637,0.746,4.203793056
0.009,0.008083333,4.637,0.742,4.203793056
0,0.008083333,4.637,0.734,4.203793056
0,0.014833333,4.637,0.726,4.203793056
0.009,0.014833333,4.637,0.72,4.203793056
0,0.014833333,4.637,0.714,4.203793056
0.011,0.014833333,4.637,0.712,4.203793056
0,0.014833333,4.637,0.706,4.203793056
0,0.014833333,4.637,0.704,4.203793056
0,0.014833333,4.637,0.698,4.203793056
0,0.008083333,4.637,0.694,4.203793056
0,0.008083333,4.637,0.69,4.203793056
0.009,0.008083333,4.637,0.68825,4.203793056
0,0.008083333,4.637,0.68475,4.203793056
0,0.008083333,4.637,0.68825,4.203793056
0,0.008083333,4.637,0.69,4.203793056
0,0.008083333,4.637,0.69,4.203793056
0,0.008083333,4.637,0.69,4.203793056
0,0.008083333,4.637,0.68825,4.203793056
0,0.008083333,4.637,0.683,4.203793056
0,0.008083333,4.637,0.6865,4.203793056
0,0.008083333,4.637,0.68475,4.203793056
0,0.008083333,4.637,0.683,4.203793056
0,0.014833333,4.637,0.683,4.203793056
0,0.014833333,4.637,0.683,4.203793056
0,0.014833333,4.637,0.683,4.203793056
0,0.014833333,4.637,0.679,4.203793056
0.058,0.033875,4.637,0.677,4.203793056
0.163,0.033875,4.637,0.675,4.203793056
0.197,0.033875,4.637,0.675,4.203793056
0.01,0.033875,4.637,0.675,4.203793056
0,0.033875,4.637,0.675,4.203793056
0,0.033875,4.637,0.675,4.203793056
0,0.033875,4.637,0.675,4.203793056
0.009,0.014833333,4.637,0.667,4.203793056
0.145,0.014833333,4.637,0.667,4.203793056
0,0.014833333,4.637,0.659,4.203793056
0,0.014833333,4.637,0.659,4.203793056
0,0.014833333,4.637,0.661,4.203793056
0,0.014833333,4.637,0.661,4.203793056
0,0.014833333,4.637,0.665,4.203793056
0,0.014833333,4.637,0.667,4.203793056
0,0.014833333,4.637,0.667,4.203793056
0,0.014833333,4.637,0.667,4.203793056
0,0.014833333,4.637,0.661,4.203793056
0,0.014833333,4.637,0.659,4.203793056
0,0.014833333,4.637,0.65725,4.203793056
0,0.033875,4.637,0.65375,4.203793056
0.002,0.033875,7.96,0.652,4.203793056
0,0.033875,7.96,0.652,4.203793056
0.001,0.033875,5.58,0.65,4.203793056
0.019,0.004583333,8.12,0.644,4.203793056
0,0.004583333,8.12,0.644,4.203793056
0,0.004583333,6.801,0.642,4.203793056
0.002,0.004583333,6.75,0.644,4.203793056
0,0.004583333,7.47,0.638,4.203793056
0,0.004583333,7.91,0.636,4.203793056
0,0.004583333,8.36,0.6325,4.203793056
0,0.033875,8.45,0.629,4.203793056
0,0.033875,8.46,0.6325,4.203793056
0,0.033875,8.21,0.629,4.203793056
0,0.033875,8.4,0.629,4.203793056
0,0.033875,8.7,0.629,4.203793056
0,0.033875,8.72,0.63275,4.203793056
0,0.033875,8.91,0.67125,4.203793056
0,0.033875,8.3,0.675,4.203793056
0,0.033875,5.675,0.6345,4.203793056
0,0.033875,5.58,0.599,4.203793056
0,0.033875,6.279,0.5955,4.203793056
0,0.033875,6.116,0.608,4.203793056
0.009,0.033875,8.12,0.62125,4.203793056
0,0.004583333,8.12,0.66725,4.203793056
0,0.004583333,6.303,0.6845,4.203793056
0,0.004583333,6.717,0.64975,4.203793056
0,0.004583333,5.201,0.6045,4.203793056
0,0.001208333,2.292,0.577,4.203793056
0,0.001208333,1.392,0.588,4.203793056
0,0.001208333,1.812,0.60625,4.203793056
0,0.001208333,3.811,0.614,4.203793056
0,0.001208333,4.68,0.6175,4.203793056
0,0.001208333,6.623,0.621,4.203793056
0,0.001208333,8.11,0.6175,4.203793056
0,0.004583333,8.64,0.614,4.203793056
0,0.004583333,9.12,0.614,4.203793056
0,0.004583333,9.14,0.614,4.203793056
0,0.004583333,9.14,0.614,4.203793056
0,0.004583333,9.34,0.614,4.203793056
0,0.004583333,9.42,0.61575,4.203793056
0,0.004583333,9.04,0.621,4.203793056
0,0.004583333,8.47,0.621,4.203793056
0,0.004583333,7.89,0.627,4.203793056
0,0.004583333,8.26,0.64,4.203793056
0,0.004583333,8.12,0.63625,4.203793056
0,0.004583333,8.12,0.6175,4.203793056
0,0.004583333,7.45,0.614,4.203793056
0,0.001208333,6.483,0.6385,4.203793056
0,0.001208333,5.237,0.742,4.203793056
0,0.001208333,6.672,0.75,4.203793056
0,0.001208333,6.906,0.714,4.203793056
0,0.006625,6.489,0.67275,4.203793056
0,0.006625,4.634,0.644,4.203793056
0,0.006625,3.901,0.625,4.203793056
0,0.006625,4.191,0.61575,4.203793056
0,0.006625,4.797,0.614,4.203793056
0,0.006625,5.478,0.608,4.203793056
0.018,0.006625,6.664,0.60425,4.203793056
0.026,0.001208333,7.59,0.599,4.203793056
0,0.001208333,8.29,0.599,4.203793056
0,0.001208333,9.17,0.599,4.203793056
0,0.001208333,10.03,0.599,4.203793056
0,0.001208333,10.39,0.599,4.203793056
0.018,0.001208333,10.47,0.60425,4.203793056
0,0.001208333,9.48,0.606,4.203793056
0,0.001208333,7.76,0.599,4.203793056
0,0.001208333,5.131,0.5715,4.203793056
0,0.001208333,5.621,0.5445,4.203793056
0,0.001208333,6.036,0.523,4.203793056
0,0.001208333,5.916,0.51375,4.203793056
0,0.001208333,5.326,0.5155,4.203793056
0,0.006625,5.762,0.541,4.203793056
0,0.006625,9.95,0.56775,4.203793056
0,0.006625,5.447,0.58225,4.203793056
0,0.006625,5.682,0.59,4.203793056
0,0.007291667,5.935,0.592,4.203793056
0,0.007291667,6.882,0.592,4.203793056
0,0.007291667,6.272,0.592,4.203793056
0.009,0.007291667,6.066,0.588,4.203793056
0.009,0.007291667,6.491,0.592,4.203793056
0,0.007291667,6.358,0.59,4.203793056
0,0.007291667,6.791,0.559,4.203793056
0,0.006625,7.84,0.57525,4.203793056
0,0.006625,9.25,0.5735,4.203793056
0,0.006625,10.11,0.5735,4.203793056
0.281,0.006625,9.62,0.57525,4.203793056
0.588,0.006625,8.56,0.57875,4.203793056
0.781,0.006625,8.1,0.612,4.203793056
1.093,0.006625,7.99,0.67125,4.203793056
1.391,0.006625,8.15,0.716,4.203793056
0.614,0.006625,8.04,0.667,4.203793056
0.739,0.006625,8.59,0.62125,4.203793056
0.968,0.006625,8.94,0.588,4.203793056
1.216,0.006625,9.17,0.57,4.203793056
0.829,0.006625,9.59,0.5935,4.203793056
1.144,0.007291667,9.72,0.65175,4.203793056
0.367,0.059333333,1.39,0.708,4.203793056
0.944,0.059333333,10.27,0.7765,4.203793056
1.676,0.059333333,10.44,0.83975,4.203793056
0.659,0.018791667,10.75,0.90975,4.203793056
0.678,0.018791667,10.88,1.0105,4.203793056
0.021,0.018791667,10.63,1.11275,4.203793056
0.097,0.018791667,9.63,1.213,4.203793056
0.046,0.018791667,9.42,1.34675,4.203793056
0.109,0.018791667,8.95,1.53375,4.203793056
0.078,0.018791667,8.74,1.69075,4.203793056
0,0.059333333,8.91,1.855,4.203793056
0.008,0.059333333,8.88,2.15775,4.203793056
0,0.059333333,9.49,2.524,4.203793056
0,0.059333333,10.11,2.6655,4.203793056
0.008,0.059333333,10.32,2.608,4.203793056
0,0.059333333,9.72,2.50875,4.203793056
0,0.059333333,7.78,2.3935,4.203793056
0,0.059333333,6.08,2.27225,4.203793056
0,0.059333333,4.506,2.162,4.203793056
0,0.059333333,6.754,2.0625,4.203793056
0,0.059333333,5.558,1.97775,4.203793056
0,0.059333333,3.918,1.9035,4.203793056
0,0.059333333,4.199,1.81575,4.203793056
0,0.018791667,1.936,1.7565,4.203793056
0,0.018791667,0.392,1.704,4.203793056
0.02,0.018791667,2.634,1.6355,4.203793056
0,0.018791667,2.602,1.58,4.203793056
0.001,0.024375,2.273,1.5335,4.203793056
0.004,0.024375,0.883,1.48475,4.203793056
0.008,0.024375,0.698,1.4415,4.203793056
0,0.024375,-0.323,1.406,4.203793056
0.009,0.024375,0.596,1.371,4.203793056
0.021,0.024375,0.85,1.34175,4.203793056
0,0.024375,4.744,1.3095,4.203793056
0.008,0.018791667,6.728,1.278,4.203793056
0.001,0.018791667,9.15,1.254,4.203793056
0,0.018791667,9.18,1.2345,4.203793056
0,0.018791667,9.55,1.2155,4.203793056
0,0.018791667,8.25,1.20125,4.203793056
0,0.018791667,8.85,1.18225,4.203793056
0,0.018791667,6.456,1.1685,4.203793056
0,0.018791667,3.819,1.17975,4.203793056
0,0.018791667,2.847,1.1405,4.203793056
0,0.018791667,2.037,1.094,4.203793056
0.152,0.018791667,1.728,1.07775,4.203793056
0,0.018791667,2.888,1.071,4.203793056
0.004,0.018791667,0.611,1.0755,4.203793056
0.008,0.024375,0.422,1.07775,4.203793056
0,0.024375,9.79,1.04625,4.203793056
0.016,0.024375,0.015,1.02375,4.203793056
0.049,0.024375,1.897,1.017,4.203793056
0.014,0.01025,2.745,1.01475,4.203793056
0.001,0.01025,1.898,1.0035,4.203793056
0.016,0.01025,0.183,0.9945,4.203793056
0.001,0.01025,-0.416,0.986,4.203793056
0,0.01025,-1.162,0.97525,4.203793056
0.025,0.01025,-0.186,0.96175,4.203793056
0.003,0.01025,2.21,0.95275,4.203793056
0.004,0.024375,6.239,0.946,4.203793056
0.004,0.024375,8.52,0.93575,4.203793056
0.008,0.024375,9.94,0.9225,4.203793056
0,0.024375,10.68,0.929,4.203793056
0,0.024375,11.11,0.95075,4.203793056
0.008,0.024375,10.07,0.97525,4.203793056
0.008,0.024375,8.08,0.92675,4.203793056
0,0.024375,6.172,0.87775,4.203793056
0,0.024375,6.759,0.87575,4.203793056
0,0.024375,6.939,0.884,4.203793056
0,0.024375,5.008,0.886,4.203793056
0,0.024375,7.38,0.886,4.203793056
0.008,0.024375,8.07,0.886,4.203793056
0,0.024666667,8.73,0.886,4.203793056
0.859,0.01025,12.66,0.886,4.203793056
1.59,0.01025,9.42,0.884,4.203793056
2.107,0.01025,9.56,0.882,4.203793056
1.016,0.00575,9.01,0.886,4.203793056
0.674,0.00575,9.05,0.886,4.203793056
0.979,0.00575,8.7,0.89275,4.203793056
0.892,0.00575,8,0.90325,4.203793056
1.413,0.00575,7.86,0.93975,4.203793056
1.377,0.00575,8,1.0015,4.203793056
0.64,0.00575,8.06,1.10125,4.203793056
0.38,0.01025,8.71,1.247,4.203793056
0.593,0.01025,9.66,1.54925,4.203793056
1.398,0.01025,9.75,2.50225,4.203793056
0.49,0.01025,9.65,4.3845,4.203793056
0.472,0.01025,10.21,6.00625,4.203793056
0.509,0.01025,10.91,7.239,4.203793056
0.071,0.01025,11.49,8.00325,4.203793056
0.024,0.01025,12.07,8.54325,4.203793056
0.109,0.01025,12.01,8.644,4.203793056
0.029,0.01025,11.92,8.79475,4.203793056
0.008,0.01025,11.91,9.27975,4.203793056
0.032,0.01025,11.77,9.52575,4.203793056
0.015,0.01025,12.2,9.406,4.203793056
0.242,0.00575,12.81,8.91975,4.203793056
0.632,0.00575,-0.259,8.168,4.203793056
1.356,0.00575,12.2,7.37375,4.203793056
0,0.00575,9.55,6.67275,4.203793056
0,0.034458333,8.63,6.136,4.203793056
0.008,0.034458333,7.8,5.73075,4.203793056
0,0.034458333,6.72,5.426,4.203793056
0,0.034458333,6.463,5.27075,4.203793056
0.001,0.034458333,5.661,5.42325,4.203793056
0,0.034458333,5.431,5.96725,4.203793056
0.008,0.034458333,6.523,6.22,4.203793056
0.002,0.00575,6.663,5.994,4.203793056
0,0.00575,7.74,5.53825,4.203793056
0,0.00575,8.6,5.149,4.203793056
0,0.00575,8.53,4.80325,4.203793056
0,0.00575,8.33,4.4795,4.203793056
0,0.00575,7.97,4.2115,4.203793056
0,0.00575,6.848,4.123,4.203793056
0,0.00575,5.27,3.99675,4.203793056
0,0.00575,4.505,3.625,4.203793056
0,0.00575,3.538,3.367,4.203793056
0,0.00575,3.8,3.2175,4.203793056
0,0.00575,4.094,3.1005,4.203793056
0,0.00575,3.051,2.99975,4.203793056
0,0.034458333,0.552,2.8925,4.203793056
0,0.034458333,1.687,2.801,4.203793056
0,0.034458333,1.472,2.713,4.203793056
0,0.034458333,-0.717,2.6355,4.203793056
0,0.012791667,-1.774,2.5705,4.203793056
0,0.012791667,-2.739,2.5115,4.203793056
0,0.012791667,-2.756,2.45475,4.203793056
0,0.012791667,-3.303,2.40075,4.203793056
0.016,0.012791667,-3.799,2.357,4.203793056
0.033,0.012791667,-3.725,2.32075,4.203793056
0.036,0.012791667,-1.31,2.2795,4.203793056
0.009,0.034458333,2.306,2.241,4.203793056
0.001,0.034458333,5.179,2.205,4.203793056
0,0.034458333,6.757,2.174,4.203793056
0,0.034458333,7.3,2.093,4.203793056
0,0.034458333,7.13,1.96125,4.203793056
0,0.034458333,6.873,2.00375,4.203793056
0,0.034458333,3.928,2.03625,4.203793056
0,0.034458333,1.797,2.01775,4.203793056
0,0.034458333,1.533,2.0225,4.203793056
0,0.034458333,0.483,2.0315,4.203793056
0,0.034458333,0.007,1.973,4.203793056
0,0.034458333,0.105,1.9385,4.203793056
0,0.034458333,0.896,1.93625,4.203793056
0.008,0.012791667,0.707,1.9195,4.203793056
0.001,0.012791667,3.767,1.901,4.203793056
0,0.012791667,2.015,1.88025,4.203793056
0,0.012791667,2.522,1.8615,4.203793056
0,0.005458333,2.871,1.84775,4.203793056
0.017,0.005458333,3.031,1.832,4.203793056
0.008,0.005458333,2.91,1.81325,4.203793056
0,0.005458333,2.346,1.80175,4.203793056
0.016,0.005458333,2.448,1.78375,4.203793056
0.008,0.005458333,2.223,1.77025,4.203793056
0.013,0.005458333,3.283,1.7545,4.203793056
0.001,0.012791667,4.68,1.74325,4.203793056
0,0.012791667,6.377,1.7335,4.203793056
0,0.012791667,7.48,1.72425,4.203793056
0,0.012791667,8.17,1.71525,4.203793056
0,0.012791667,8.9,1.7175,4.203793056
0,0.012791667,8.59,1.687,4.203793056
0,0.012791667,7.99,1.65125,4.203793056
0,0.012791667,6.98,1.654,4.203793056
0,0.012791667,6.677,1.64575,4.203793056
0,0.012791667,6.507,1.6405,4.203793056
0,0.012791667,5.185,1.6405,4.203793056
0,0.012791667,3.983,1.61425,4.203793056
0,0.012791667,3.712,1.5985,4.203793056
0,0.005458333,2.715,1.5935,4.203793056
0,0.005458333,3.617,1.58275,4.203793056
0,0.005458333,3.927,1.5725,4.203793056
0,0.005458333,3.505,1.56175,4.203793056
0,0.010083333,3.466,1.549,4.203793056
0,0.010083333,3.093,1.53625,4.203793056
0,0.010083333,3.423,1.5255,4.203793056
0,0.010083333,2.805,1.5155,4.203793056
0,0.010083333,4.39,1.50525,4.203793056
0,0.010083333,4.574,1.497,4.203793056
0,0.010083333,5.03,1.4895,4.203793056
0,0.005458333,5.367,1.477,4.203793056
0,0.005458333,5.995,1.4695,4.203793056
0,0.005458333,6.636,1.4645,4.203793056
0,0.005458333,7.93,1.4545,4.203793056
0,0.005458333,7.5,1.457,4.203793056
0,0.005458333,6.659,1.447,4.203793056
0,0.005458333,4.91,1.436,4.203793056
0,0.005458333,3.679,1.4545,4.203793056
0,0.005458333,2.298,1.41625,4.203793056
0,0.005458333,2.132,1.3685,4.203793056
0,0.005458333,2.615,1.3785,4.203793056
0,0.005458333,3.579,1.396,4.203793056
0,0.005458333,3.727,1.3935,4.203793056
0,0.010083333,3.497,1.371,4.203793056
0,0.010083333,2.764,1.3585,4.203793056
0,0.010083333,3.319,1.347,4.203793056
0,0.010083333,3.605,1.337,4.203793056
0.001,0.014958333,4.367,1.3295,4.203793056
0,0.014958333,4.739,1.327,4.203793056
0.008,0.014958333,4.512,1.317,4.203793056
0,0.014958333,4.381,1.307,4.203793056
0,0.014958333,4.635,1.297,4.203793056
0,0.014958333,4.444,1.288,4.203793056
0,0.014958333,4.805,1.2805,4.203793056
0,0.010083333,5.309,1.273,4.203793056
0,0.010083333,6.1,1.2755,4.203793056
0,0.010083333,7.17,1.27775,4.203793056
0,0.010083333,7.11,1.27775,4.203793056
0,0.010083333,7.04,1.312,4.203793056
0,0.010083333,6.602,1.25375,4.203793056
0,0.010083333,5.155,1.199,4.203793056
0,0.010083333,3.44,1.206,4.203793056
0,0.010083333,3.071,1.22,4.203793056
0,0.010083333,2.931,1.22,4.203793056
0,0.010083333,2.548,1.2155,4.203793056
0,0.010083333,1.946,1.211,4.203793056
0,0.010083333,2.094,1.211,4.203793056
0,0.014958333,2.207,1.2035,4.203793056
0,0.014958333,-1.081,1.201,4.203793056
0,0.014958333,3.498,1.19875,4.203793056
0.001,0.014958333,3.554,1.192,4.203793056
0,0.013583333,3.818,1.1845,4.203793056
0,0.013583333,4.332,1.17975,4.203793056
0,0.013583333,4.219,1.173,4.203793056
0,0.013583333,2.978,1.164,4.203793056
0.001,0.013583333,2.17,1.164,4.203793056
0.016,0.013583333,1.768,1.154,4.203793056
0,0.013583333,2.126,1.1495,4.203793056
0,0.014958333,3.291,1.145,4.203793056
0,0.014958333,5.062,1.145,4.203793056
0,0.014958333,5.771,1.13825,4.203793056
0,0.014958333,6.254,1.145,4.203793056
0,0.014958333,6.303,1.166,4.203793056
0,0.014958333,5.777,1.1545,4.203793056
0,0.014958333,4.033,1.10575,4.203793056
0,0.014958333,2.867,1.10125,4.203793056
0,0.014958333,2.25,1.10575,4.203793056
0,0.014958333,1.431,1.10125,4.203793056
0,0.014958333,0.748,1.099,4.203793056
0.008,0.014958333,0.11,1.099,4.203793056
0,0.014958333,-0.04,1.089,4.203793056
0,0.013583333,-0.587,1.089,4.203793056
0,0.013583333,0.195,1.08,4.203793056
0,0.013583333,-0.859,1.07325,4.203793056
0,0.013583333,-1.145,1.071,4.203793056
0,0.008833333,-1.283,1.0665,4.203793056
0,0.008833333,-1.424,1.05525,4.203793056
0,0.008833333,-1.724,1.053,4.203793056
0,0.008833333,-3.231,1.044,4.203793056
0,0.008833333,-2.119,1.0395,4.203793056
0,0.008833333,-2.316,1.035,4.203793056
0.04,0.008833333,-0.889,1.02825,4.203793056
0.034,0.013583333,1.084,1.02375,4.203793056
0.022,0.013583333,2.982,1.017,4.203793056
0.002,0.013583333,3.722,1.017,4.203793056
0,0.013583333,3.808,1.017,4.203793056
0,0.013583333,3.019,1.017,4.203793056
0,0.013583333,3.195,1.0215,4.203793056
0,0.013583333,1.518,1.01925,4.203793056
0,0.013583333,-0.491,1.017,4.203793056
0,0.013583333,-0.626,1.017,4.203793056
0,0.013583333,-0.685,1.008,4.203793056
0,0.013583333,-1.193,1.008,4.203793056
0,0.013583333,-1.284,1.00125,4.203793056
0,0.013583333,-0.427,0.999,4.203793056
0,0.008833333,0.325,0.999,4.203793056
0,0.008833333,-6.211,0.999,4.203793056
0,0.008833333,-0.246,0.99675,4.203793056
0,0.008833333,0,0.99225,4.203793056
0,4.16667E-05,0.444,0.99,4.203793056
0,4.16667E-05,0.493,0.99,4.203793056
0,4.16667E-05,0.496,0.99,4.203793056
0,4.16667E-05,-0.192,0.986,4.203793056
0,4.16667E-05,0.352,0.982,4.203793056
0.013,4.16667E-05,0.318,0.982,4.203793056
0.043,4.16667E-05,1.081,0.97975,4.203793056
0.022,0.008833333,1.346,0.973,4.203793056
0,0.008833333,1.001,0.973,4.203793056
0,0.008833333,0.92,0.973,4.203793056
0,0.008833333,1.114,0.973,4.203793056
0,0.008833333,1.418,0.98375,4.203793056
